keep	question_id	topic_sim	orig_type	question	src_gold(참고)	context_head	검수사유
X	natua_yes_no_finance-6794160_k1	0.0933	yes_no	금융안정을 위한 정책은 신뢰할 수 있는 측정 지표를 개발하여 명확한 방향 설정을 하는 것이 필요해	Yes	□ 소규모 사업자 외에 면허를 받아야 하는 사업자는 육상교통청에 통행 및 운전자 관련 자료를 제출하여 야 하며, 육상교통청은 위반행위나 안전사고에 관한 사업자의 보고 의무와 조치 방안 등을 포함한 사업자 준수규범을 마련할 수 있음 □ 육상교통청은 결함이 있거나 위험성이 있는 자동차 모델의 사용을 금지하는 등 필요한 경우 모든 사업자(면허가 불필요한 소규모 	분야 상이/상식성/중복 (1차 판정 기준 동일 적용)
X	natua_yes_no_finance-6794160_k2	0.0933	yes_no	금융안정을 위한 정책은 신뢰할 수 있는 측정 지표를 개발하여 명확한 방향 설정을 하는 것이 필요해	Yes	□ 소규모 사업자 외에 면허를 받아야 하는 사업자는 육상교통청에 통행 및 운전자 관련 자료를 제출하여 야 하며, 육상교통청은 위반행위나 안전사고에 관한 사업자의 보고 의무와 조치 방안 등을 포함한 사업자 준수규범을 마련할 수 있음 □ 육상교통청은 결함이 있거나 위험성이 있는 자동차 모델의 사용을 금지하는 등 필요한 경우 모든 사업자(면허가 불필요한 소규모 	분야 상이/상식성/중복 (1차 판정 기준 동일 적용)
X	natua_yes_no_finance-6794160_k3	0.0798	yes_no	금융안정을 위한 정책은 신뢰할 수 있는 측정 지표를 개발하여 명확한 방향 설정을 하는 것이 필요해	Yes	□ 시사점 ◦ 우리나라도 싱가포르의 정책 사례를 참고하여 ① 스마트폰 애플리케이션을 활용한 서비스 도입 등 여객운송 산업에서 지금까지 나타난 변화에 대응하고 자율주행자동차의 등장 등 앞으로 다가올 더 큰 변화에 효과적으로 대응할 수 있도록 새로운 여객운송 정책 체계를 마련하고 ② 그 과정에서 정책 당사자의 소통과 협력을 통하여 정책 수립의 효율성 및 신뢰성	분야 상이/상식성/중복 (1차 판정 기준 동일 적용)
X	natua_yes_no_finance-6794157_k1	0.0752	yes_no	금융 규제로 금융 안정을 이루려는 경우 금융 수요자들을 보호하려는 목표와 부조화를 일으킬 수 있어	Yes	노인장기요양보험법 시행령 일부개정령(안) 입법예고 1. 개정사유 특별현금급여가 다른 금원과 섞이면서 해당 통장이 압류되는 경우 특별현금급여와 이를 받을 권리가 침해되는 것을 방지해 노인과 그 가족의 생활안정을 도모하려는 것을 목표로 「노인장기요양보험법」이 개정됨(법률 제14321호, 2016.12.2. 개정)에 따라 특별현금급여계좌 신청 방법·절차 및 관리	분야 상이/상식성/중복 (1차 판정 기준 동일 적용)
X	natua_yes_no_finance-6794157_k2	0.0752	yes_no	금융 규제로 금융 안정을 이루려는 경우 금융 수요자들을 보호하려는 목표와 부조화를 일으킬 수 있어	Yes	노인장기요양보험법 시행령 일부개정령(안) 입법예고 1. 개정사유 특별현금급여가 다른 금원과 섞이면서 해당 통장이 압류되는 경우 특별현금급여와 이를 받을 권리가 침해되는 것을 방지해 노인과 그 가족의 생활안정을 도모하려는 것을 목표로 「노인장기요양보험법」이 개정됨(법률 제14321호, 2016.12.2. 개정)에 따라 특별현금급여계좌 신청 방법·절차 및 관리	분야 상이/상식성/중복 (1차 판정 기준 동일 적용)
X	natua_yes_no_finance-6794171_k1	0.0746	yes_no	영란은행은 금융 시스템의 인프라와 관련된 안전성에 대한 조언을 재무부 장관을 통해 얻고 있지	Yes	□ 소규모 사업자 외에 면허를 받아야 하는 사업자는 육상교통청에 통행 및 운전자 관련 자료를 제출하여 야 하며, 육상교통청은 위반행위나 안전사고에 관한 사업자의 보고 의무와 조치 방안 등을 포함한 사업자 준수규범을 마련할 수 있음 □ 육상교통청은 결함이 있거나 위험성이 있는 자동차 모델의 사용을 금지하는 등 필요한 경우 모든 사업자(면허가 불필요한 소규모 	분야 상이/상식성/중복 (1차 판정 기준 동일 적용)
X	natua_yes_no_finance-6794171_k2	0.0746	yes_no	영란은행은 금융 시스템의 인프라와 관련된 안전성에 대한 조언을 재무부 장관을 통해 얻고 있지	Yes	□ 소규모 사업자 외에 면허를 받아야 하는 사업자는 육상교통청에 통행 및 운전자 관련 자료를 제출하여 야 하며, 육상교통청은 위반행위나 안전사고에 관한 사업자의 보고 의무와 조치 방안 등을 포함한 사업자 준수규범을 마련할 수 있음 □ 육상교통청은 결함이 있거나 위험성이 있는 자동차 모델의 사용을 금지하는 등 필요한 경우 모든 사업자(면허가 불필요한 소규모 	분야 상이/상식성/중복 (1차 판정 기준 동일 적용)
O	natua_yes_no_finance-7161947_k1	0.0722	yes_no	계열 기업에게 은행 관련기관이 위험한 자산을 받는 것이 허가되어 있을까	No	(3) 금융안정협의기구 설치 한국은행 및 기획재정부, 금융위원회가 각각 금융 안정 목표와 정책수단을 분담하고 있는 상황이므로 금융 안정이라는 공동의 목표를 달성하기 위하여 각 기관이 참여하는 금융 안정협의기구를 구성하여 설치할 필요가 있다. 금융 안정협의기구는 각 기관의 금융 안정 관련 정보를 교환하고, 정책을 협의하는 기능을 수행하여야 할 것이다. 금융 	금융 동일분야·답 부재
X	natua_yes_no_finance-7161947_k2	0.0722	yes_no	계열 기업에게 은행 관련기관이 위험한 자산을 받는 것이 허가되어 있을까	No	(3) 금융안정협의기구 설치 한국은행 및 기획재정부, 금융위원회가 각각 금융 안정 목표와 정책수단을 분담하고 있는 상황이므로 금융 안정이라는 공동의 목표를 달성하기 위하여 각 기관이 참여하는 금융 안정협의기구를 구성하여 설치할 필요가 있다. 금융 안정협의기구는 각 기관의 금융 안정 관련 정보를 교환하고, 정책을 협의하는 기능을 수행하여야 할 것이다. 금융 	분야 상이/상식성/중복 (1차 판정 기준 동일 적용)
X	natua_yes_no_finance-7462316_k1	0.07	yes_no	취업 여성의 자녀 양육 부담을 효과적으로 줄일 수 있는 방법은 보육료 지원일까	No	□ 시사점 ◦ 우리나라도 싱가포르의 정책 사례를 참고하여 ① 스마트폰 애플리케이션을 활용한 서비스 도입 등 여객운송 산업에서 지금까지 나타난 변화에 대응하고 자율주행자동차의 등장 등 앞으로 다가올 더 큰 변화에 효과적으로 대응할 수 있도록 새로운 여객운송 정책 체계를 마련하고 ② 그 과정에서 정책 당사자의 소통과 협력을 통하여 정책 수립의 효율성 및 신뢰성	분야 상이/상식성/중복 (1차 판정 기준 동일 적용)
X	natua_yes_no_finance-6794157_k3	0.0694	yes_no	금융 규제로 금융 안정을 이루려는 경우 금융 수요자들을 보호하려는 목표와 부조화를 일으킬 수 있어	Yes	(2) 당사자 간 지속적인 소통과 협력을 통한 정책 마련 □ 우리나라에서는 현재 당사자들이 첨예하게 대립하고 있고, 정책 당사자의 참여를 통한 지속적인 소통과 협력이 이루어지지 못해 효과적인 정책의 수립·집행이 제한되고 있음 □ 싱가포르의 경우 새로운 규제 프레임워크를 도입하는 과정에 정책 당사자인 운전자, 택시협회, 승차공유차량협회, 사업자, 일반 국민이	분야 상이/상식성/중복 (1차 판정 기준 동일 적용)
X	natua_yes_no_finance-6794178_k1	0.069	yes_no	금융 불안정을 방지하기 위해 노르웨이 중앙은행이 지급 결제 시스템와 관련된 리스크를 규제하는 거니	Yes	□ 소규모 사업자 외에 면허를 받아야 하는 사업자는 육상교통청에 통행 및 운전자 관련 자료를 제출하여 야 하며, 육상교통청은 위반행위나 안전사고에 관한 사업자의 보고 의무와 조치 방안 등을 포함한 사업자 준수규범을 마련할 수 있음 □ 육상교통청은 결함이 있거나 위험성이 있는 자동차 모델의 사용을 금지하는 등 필요한 경우 모든 사업자(면허가 불필요한 소규모 	분야 상이/상식성/중복 (1차 판정 기준 동일 적용)
X	natua_yes_no_finance-6794178_k2	0.069	yes_no	금융 불안정을 방지하기 위해 노르웨이 중앙은행이 지급 결제 시스템와 관련된 리스크를 규제하는 거니	Yes	□ 소규모 사업자 외에 면허를 받아야 하는 사업자는 육상교통청에 통행 및 운전자 관련 자료를 제출하여 야 하며, 육상교통청은 위반행위나 안전사고에 관한 사업자의 보고 의무와 조치 방안 등을 포함한 사업자 준수규범을 마련할 수 있음 □ 육상교통청은 결함이 있거나 위험성이 있는 자동차 모델의 사용을 금지하는 등 필요한 경우 모든 사업자(면허가 불필요한 소규모 	분야 상이/상식성/중복 (1차 판정 기준 동일 적용)
X	natua_yes_no_finance-7161870_k1	0.0677	yes_no	진출전략을 중국에 대해 수립할 때 여타 서비스업과 연계를 강화하는 방향으로 이루어져야 하니	Yes	□ 시사점 ◦ 우리나라도 싱가포르의 정책 사례를 참고하여 ① 스마트폰 애플리케이션을 활용한 서비스 도입 등 여객운송 산업에서 지금까지 나타난 변화에 대응하고 자율주행자동차의 등장 등 앞으로 다가올 더 큰 변화에 효과적으로 대응할 수 있도록 새로운 여객운송 정책 체계를 마련하고 ② 그 과정에서 정책 당사자의 소통과 협력을 통하여 정책 수립의 효율성 및 신뢰성	분야 상이/상식성/중복 (1차 판정 기준 동일 적용)
X	natua_yes_no_finance-7161870_k2	0.066	yes_no	진출전략을 중국에 대해 수립할 때 여타 서비스업과 연계를 강화하는 방향으로 이루어져야 하니	Yes	□ 지금까지의 변화에 대응하고 자율주행자동차의 등장이나 교통수단 간 연계 강화 등 앞으로 다가올 더 큰 변화를 받아들일 수 있도록, 제공되는 서비스에 기반하여 규제 체계를 개편한 싱가포르의 사례를 참고하여 새로운 여객운송 정책 체계 마련을 검토해볼 필요성이 있음 ○ 특히 대규모 PHCB사업자에 대하여도 해당 영업면허 취득 위무를 부과하는 등 여객운송 산업에	분야 상이/상식성/중복 (1차 판정 기준 동일 적용)
X	natua_yes_no_finance-7161870_k3	0.0649	yes_no	진출전략을 중국에 대해 수립할 때 여타 서비스업과 연계를 강화하는 방향으로 이루어져야 하니	Yes	(2) 공정성과 참여확대 동시 추구 학부모와 교사 등 단위학교 구성원의 참여를 실질적으로 확대시킬 수 있는 방안을 모색할 필요가 있다. 학교 심사위원회가 적임자가 아니라고 판단할 경우는 2단계의 심사대상자로 추천하지 않는 것도 방안이 될 수 있다. 공정성을 강화하기 위한다는 구실로 단위학교의 참여를 크게 제한하는 방식은 설득력이 그리 높지 않다. 교과부가 	분야 상이/상식성/중복 (1차 판정 기준 동일 적용)
X	natua_yes_no_finance-6390516_k1	0.0648	yes_no	교장공모제를 시행하는 학교의 경우 후보자는 추천을 통해 모집하고 있어	No	□ 소규모 사업자 외에 면허를 받아야 하는 사업자는 육상교통청에 통행 및 운전자 관련 자료를 제출하여 야 하며, 육상교통청은 위반행위나 안전사고에 관한 사업자의 보고 의무와 조치 방안 등을 포함한 사업자 준수규범을 마련할 수 있음 □ 육상교통청은 결함이 있거나 위험성이 있는 자동차 모델의 사용을 금지하는 등 필요한 경우 모든 사업자(면허가 불필요한 소규모 	분야 상이/상식성/중복 (1차 판정 기준 동일 적용)
X	natua_yes_no_finance-6390516_k2	0.0648	yes_no	교장공모제를 시행하는 학교의 경우 후보자는 추천을 통해 모집하고 있어	No	□ 소규모 사업자 외에 면허를 받아야 하는 사업자는 육상교통청에 통행 및 운전자 관련 자료를 제출하여 야 하며, 육상교통청은 위반행위나 안전사고에 관한 사업자의 보고 의무와 조치 방안 등을 포함한 사업자 준수규범을 마련할 수 있음 □ 육상교통청은 결함이 있거나 위험성이 있는 자동차 모델의 사용을 금지하는 등 필요한 경우 모든 사업자(면허가 불필요한 소규모 	분야 상이/상식성/중복 (1차 판정 기준 동일 적용)
X	natua_yes_no_finance-7212461_k1	0.0645	yes_no	고학력 여성이 노동시장에 재진입할 때 비정규직과 정규직의 높지 않은 이동성이 제약이 될 수 있을까	Yes	(2) 공정성과 참여확대 동시 추구 학부모와 교사 등 단위학교 구성원의 참여를 실질적으로 확대시킬 수 있는 방안을 모색할 필요가 있다. 학교 심사위원회가 적임자가 아니라고 판단할 경우는 2단계의 심사대상자로 추천하지 않는 것도 방안이 될 수 있다. 공정성을 강화하기 위한다는 구실로 단위학교의 참여를 크게 제한하는 방식은 설득력이 그리 높지 않다. 교과부가 	분야 상이/상식성/중복 (1차 판정 기준 동일 적용)
X	natua_yes_no_finance-7212461_k2	0.0645	yes_no	고학력 여성이 노동시장에 재진입할 때 비정규직과 정규직의 높지 않은 이동성이 제약이 될 수 있을까	Yes	(2) 공정성과 참여확대 동시 추구 학부모와 교사 등 단위학교 구성원의 참여를 실질적으로 확대시킬 수 있는 방안을 모색할 필요가 있다. 학교 심사위원회가 적임자가 아니라고 판단할 경우는 2단계의 심사대상자로 추천하지 않는 것도 방안이 될 수 있다. 공정성을 강화하기 위한다는 구실로 단위학교의 참여를 크게 제한하는 방식은 설득력이 그리 높지 않다. 교과부가 	분야 상이/상식성/중복 (1차 판정 기준 동일 적용)
X	natua_yes_no_finance-7021569_k1	0.0633	yes_no	직무태만 등 소극행정을 벌인 사람은 징계 감경 대상자에 해당하지 않지	Yes	(2) 대규모 PHCB사업자 면허 의무화 등 면허 체계 개편 □ 차량과 사업 종류에 따른 기존의 면허 체계를 제공하는 서비스에 따른 새로운 면허 체계로 개편하고, 기존에는 관련 면허 제도가 없어 면허 취득 의무가 없었던 PHCB사업자 중 플랫폼에 등록된 차량이 800대 이상인 대규모 PHCB사업자에게도 해당 영업면허 취득을 의무화함 ○ 기존에는 택시운영사업	분야 상이/상식성/중복 (1차 판정 기준 동일 적용)
X	natua_yes_no_finance-7476330_k1	0.0633	yes_no	금융 감독당국이 금융업무에 관한 규정을 위반했을 때 인허가를 철회할 수도 있니	Yes	□ 소규모 사업자 외에 면허를 받아야 하는 사업자는 육상교통청에 통행 및 운전자 관련 자료를 제출하여 야 하며, 육상교통청은 위반행위나 안전사고에 관한 사업자의 보고 의무와 조치 방안 등을 포함한 사업자 준수규범을 마련할 수 있음 □ 육상교통청은 결함이 있거나 위험성이 있는 자동차 모델의 사용을 금지하는 등 필요한 경우 모든 사업자(면허가 불필요한 소규모 	분야 상이/상식성/중복 (1차 판정 기준 동일 적용)
X	natua_yes_no_finance-7476330_k2	0.0633	yes_no	금융 감독당국이 금융업무에 관한 규정을 위반했을 때 인허가를 철회할 수도 있니	Yes	□ 소규모 사업자 외에 면허를 받아야 하는 사업자는 육상교통청에 통행 및 운전자 관련 자료를 제출하여 야 하며, 육상교통청은 위반행위나 안전사고에 관한 사업자의 보고 의무와 조치 방안 등을 포함한 사업자 준수규범을 마련할 수 있음 □ 육상교통청은 결함이 있거나 위험성이 있는 자동차 모델의 사용을 금지하는 등 필요한 경우 모든 사업자(면허가 불필요한 소규모 	분야 상이/상식성/중복 (1차 판정 기준 동일 적용)
X	natua_yes_no_finance-6795873_k1	0.063	yes_no	생산의 범주에는 가계의 자가소비를 목적으로 하는 가사 활동이 포함되어 있어	No	(3) 태국은행법은 금융제도의 안정과 지급시스템 안정을 통화안정과 함께 태국은행의 목적으로 명시하고, 지급시스템의 설치 및 설치의 지원, 금융기관 감독 및 검사, 환율 및 외환준비금 관리 등의 업무를 수행할 수 있음을 규정하고 있다. 태국은행법 제7조 : 태국은행의 목적은 통화안정, 금융제도의 안정 및 지급시스템 안정을 위하여 중앙은행업에 관련 된 업무를 	분야 상이/상식성/중복 (1차 판정 기준 동일 적용)
X	natua_yes_no_finance-6795873_k2	0.063	yes_no	생산의 범주에는 가계의 자가소비를 목적으로 하는 가사 활동이 포함되어 있어	No	(3) 태국은행법은 금융제도의 안정과 지급시스템 안정을 통화안정과 함께 태국은행의 목적으로 명시하고, 지급시스템의 설치 및 설치의 지원, 금융기관 감독 및 검사, 환율 및 외환준비금 관리 등의 업무를 수행할 수 있음을 규정하고 있다. 태국은행법 제7조 : 태국은행의 목적은 통화안정, 금융제도의 안정 및 지급시스템 안정을 위하여 중앙은행업에 관련 된 업무를 	분야 상이/상식성/중복 (1차 판정 기준 동일 적용)
X	natua_yes_no_finance-6794168_k1	0.062	yes_no	중앙은행이 정부의 은행으로 자리 매김할 수 있도록 한 것은 은행권 발행 업무야	Yes	□ 시사점 ◦ 우리나라도 싱가포르의 정책 사례를 참고하여 ① 스마트폰 애플리케이션을 활용한 서비스 도입 등 여객운송 산업에서 지금까지 나타난 변화에 대응하고 자율주행자동차의 등장 등 앞으로 다가올 더 큰 변화에 효과적으로 대응할 수 있도록 새로운 여객운송 정책 체계를 마련하고 ② 그 과정에서 정책 당사자의 소통과 협력을 통하여 정책 수립의 효율성 및 신뢰성	분야 상이/상식성/중복 (1차 판정 기준 동일 적용)
X	natua_yes_no_finance-7212498_k1	0.062	yes_no	보육료를 지원하는 것이 여성의 고용을 증가시키는 것에 이바지하고 있니	Yes	(2) 영란은행법은 통화정책과 관련하여 영란은행의 목적은 물가안정 유지 및 정부의 경제정책 지원이라고 규정하면서 별도로 금융시스템의 안정성을 유지하고 제고하는데 기여하는 것이 영란은행의 목적이라고 명시하고 있다. 또한 금융안정 목적을 위하여 재무부 및 금융감독당국과 협력하여야 함을 규정하고 있다. 영란은행법 제2조A(금융안정목적) : (1) 영란은행의 목적	분야 상이/상식성/중복 (1차 판정 기준 동일 적용)
X	natua_yes_no_finance-7212498_k2	0.062	yes_no	보육료를 지원하는 것이 여성의 고용을 증가시키는 것에 이바지하고 있니	Yes	(2) 영란은행법은 통화정책과 관련하여 영란은행의 목적은 물가안정 유지 및 정부의 경제정책 지원이라고 규정하면서 별도로 금융시스템의 안정성을 유지하고 제고하는데 기여하는 것이 영란은행의 목적이라고 명시하고 있다. 또한 금융안정 목적을 위하여 재무부 및 금융감독당국과 협력하여야 함을 규정하고 있다. 영란은행법 제2조A(금융안정목적) : (1) 영란은행의 목적	분야 상이/상식성/중복 (1차 판정 기준 동일 적용)
X	natua_yes_no_finance-7212498_k3	0.0602	yes_no	보육료를 지원하는 것이 여성의 고용을 증가시키는 것에 이바지하고 있니	Yes	□ 소규모 사업자 외에 면허를 받아야 하는 사업자는 육상교통청에 통행 및 운전자 관련 자료를 제출하여 야 하며, 육상교통청은 위반행위나 안전사고에 관한 사업자의 보고 의무와 조치 방안 등을 포함한 사업자 준수규범을 마련할 수 있음 □ 육상교통청은 결함이 있거나 위험성이 있는 자동차 모델의 사용을 금지하는 등 필요한 경우 모든 사업자(면허가 불필요한 소규모 	분야 상이/상식성/중복 (1차 판정 기준 동일 적용)
X	natua_yes_no_finance-6794162_k1	0.0599	yes_no	양해각서에 금융 안전에 대한 기관 간 협력 과정이 포함될 필요가 있니	Yes	□ 소규모 사업자 외에 면허를 받아야 하는 사업자는 육상교통청에 통행 및 운전자 관련 자료를 제출하여 야 하며, 육상교통청은 위반행위나 안전사고에 관한 사업자의 보고 의무와 조치 방안 등을 포함한 사업자 준수규범을 마련할 수 있음 □ 육상교통청은 결함이 있거나 위험성이 있는 자동차 모델의 사용을 금지하는 등 필요한 경우 모든 사업자(면허가 불필요한 소규모 	분야 상이/상식성/중복 (1차 판정 기준 동일 적용)
X	natua_yes_no_finance-6794162_k2	0.0599	yes_no	양해각서에 금융 안전에 대한 기관 간 협력 과정이 포함될 필요가 있니	Yes	□ 소규모 사업자 외에 면허를 받아야 하는 사업자는 육상교통청에 통행 및 운전자 관련 자료를 제출하여 야 하며, 육상교통청은 위반행위나 안전사고에 관한 사업자의 보고 의무와 조치 방안 등을 포함한 사업자 준수규범을 마련할 수 있음 □ 육상교통청은 결함이 있거나 위험성이 있는 자동차 모델의 사용을 금지하는 등 필요한 경우 모든 사업자(면허가 불필요한 소규모 	분야 상이/상식성/중복 (1차 판정 기준 동일 적용)
X	natua_yes_no_finance-6794132_k1	0.0598	yes_no	중국인민은행에서는 중국의 통화정책을 수립하고 집행하는 것을 담당하니	Yes	(2) 당사자 간 지속적인 소통과 협력을 통한 정책 마련 □ 우리나라에서는 현재 당사자들이 첨예하게 대립하고 있고, 정책 당사자의 참여를 통한 지속적인 소통과 협력이 이루어지지 못해 효과적인 정책의 수립·집행이 제한되고 있음 □ 싱가포르의 경우 새로운 규제 프레임워크를 도입하는 과정에 정책 당사자인 운전자, 택시협회, 승차공유차량협회, 사업자, 일반 국민이	분야 상이/상식성/중복 (1차 판정 기준 동일 적용)
X	natua_yes_no_finance-7161947_k3	0.0596	yes_no	계열 기업에게 은행 관련기관이 위험한 자산을 받는 것이 허가되어 있을까	No	□ 소규모 사업자 외에 면허를 받아야 하는 사업자는 육상교통청에 통행 및 운전자 관련 자료를 제출하여 야 하며, 육상교통청은 위반행위나 안전사고에 관한 사업자의 보고 의무와 조치 방안 등을 포함한 사업자 준수규범을 마련할 수 있음 □ 육상교통청은 결함이 있거나 위험성이 있는 자동차 모델의 사용을 금지하는 등 필요한 경우 모든 사업자(면허가 불필요한 소규모 	분야 상이/상식성/중복 (1차 판정 기준 동일 적용)
X	natua_yes_no_finance-6477456_k1	0.0596	yes_no	국민소득은 통계상으로 확인할 때 추산방법이나 참고자료에 따라 같지 않을 가능성이 있어	Yes	2. 법적으로 요구되는 금융안정 책임 불명확 금융시장에서 금융변수(financial variables)는 성격상 항상 변동하는 것이다. 따라서 어느 정도의 변동이 법적으로 금융불안 또는 금융위기인지가 명확하지 않다. 그리고 일반적으로 수용되는 금융 안정의 측정 방법도 현재 존재하지 않고 있다. 또한 현행법상 한국은행뿐만 아니라 기획재정부, 금융위원회 등이 	분야 상이/상식성/중복 (1차 판정 기준 동일 적용)
X	natua_yes_no_finance-6477456_k2	0.0596	yes_no	국민소득은 통계상으로 확인할 때 추산방법이나 참고자료에 따라 같지 않을 가능성이 있어	Yes	2. 법적으로 요구되는 금융안정 책임 불명확 금융시장에서 금융변수(financial variables)는 성격상 항상 변동하는 것이다. 따라서 어느 정도의 변동이 법적으로 금융불안 또는 금융위기인지가 명확하지 않다. 그리고 일반적으로 수용되는 금융 안정의 측정 방법도 현재 존재하지 않고 있다. 또한 현행법상 한국은행뿐만 아니라 기획재정부, 금융위원회 등이 	분야 상이/상식성/중복 (1차 판정 기준 동일 적용)
X	natua_yes_no_finance-6390516_k3	0.0591	yes_no	교장공모제를 시행하는 학교의 경우 후보자는 추천을 통해 모집하고 있어	No	(2) 당사자 간 지속적인 소통과 협력을 통한 정책 마련 □ 우리나라에서는 현재 당사자들이 첨예하게 대립하고 있고, 정책 당사자의 참여를 통한 지속적인 소통과 협력이 이루어지지 못해 효과적인 정책의 수립·집행이 제한되고 있음 □ 싱가포르의 경우 새로운 규제 프레임워크를 도입하는 과정에 정책 당사자인 운전자, 택시협회, 승차공유차량협회, 사업자, 일반 국민이	분야 상이/상식성/중복 (1차 판정 기준 동일 적용)
O	natua_yes_no_finance-6794141_k1	0.0584	yes_no	일본은행법에 일본은행이 통화와 금융을 조절하는 것을 목표로 하라는 내용이 명시되어 있어	Yes	노인장기요양보험법 시행령 일부개정령(안) 입법예고 1. 개정사유 특별현금급여가 다른 금원과 섞이면서 해당 통장이 압류되는 경우 특별현금급여와 이를 받을 권리가 침해되는 것을 방지해 노인과 그 가족의 생활안정을 도모하려는 것을 목표로 「노인장기요양보험법」이 개정됨(법률 제14321호, 2016.12.2. 개정)에 따라 특별현금급여계좌 신청 방법·절차 및 관리	일본은행법 특정·법령장르·답 부재
X	natua_yes_no_finance-6794141_k2	0.0584	yes_no	일본은행법에 일본은행이 통화와 금융을 조절하는 것을 목표로 하라는 내용이 명시되어 있어	Yes	노인장기요양보험법 시행령 일부개정령(안) 입법예고 1. 개정사유 특별현금급여가 다른 금원과 섞이면서 해당 통장이 압류되는 경우 특별현금급여와 이를 받을 권리가 침해되는 것을 방지해 노인과 그 가족의 생활안정을 도모하려는 것을 목표로 「노인장기요양보험법」이 개정됨(법률 제14321호, 2016.12.2. 개정)에 따라 특별현금급여계좌 신청 방법·절차 및 관리	분야 상이/상식성/중복 (1차 판정 기준 동일 적용)
X	natua_yes_no_finance-7462316_k2	0.058	yes_no	취업 여성의 자녀 양육 부담을 효과적으로 줄일 수 있는 방법은 보육료 지원일까	No	□ 소규모 사업자 외에 면허를 받아야 하는 사업자는 육상교통청에 통행 및 운전자 관련 자료를 제출하여 야 하며, 육상교통청은 위반행위나 안전사고에 관한 사업자의 보고 의무와 조치 방안 등을 포함한 사업자 준수규범을 마련할 수 있음 □ 육상교통청은 결함이 있거나 위험성이 있는 자동차 모델의 사용을 금지하는 등 필요한 경우 모든 사업자(면허가 불필요한 소규모 	분야 상이/상식성/중복 (1차 판정 기준 동일 적용)
X	natua_yes_no_finance-7462316_k3	0.058	yes_no	취업 여성의 자녀 양육 부담을 효과적으로 줄일 수 있는 방법은 보육료 지원일까	No	□ 소규모 사업자 외에 면허를 받아야 하는 사업자는 육상교통청에 통행 및 운전자 관련 자료를 제출하여 야 하며, 육상교통청은 위반행위나 안전사고에 관한 사업자의 보고 의무와 조치 방안 등을 포함한 사업자 준수규범을 마련할 수 있음 □ 육상교통청은 결함이 있거나 위험성이 있는 자동차 모델의 사용을 금지하는 등 필요한 경우 모든 사업자(면허가 불필요한 소규모 	분야 상이/상식성/중복 (1차 판정 기준 동일 적용)
X	natua_yes_no_finance-7212403_k3	0.0577	yes_no	비정규직 고용문제를 해결하는 것이 수도권의 안정적인 발달에 무조건적으로 필요할까	Yes	(3) 승객과 운전자의 안전 보장 조치 □ 모든 사업자(면허가 불필요한 소규모 사업자 포함)는 해당 차량 운행에 필요한 직업면허를 갖춘 운전자와 보험에 가입하고 차량 검사에 합격한 차량만을 활용하여 직접 차량을 운행하거나 예약을 중개할 수 있으며, 이를 위반하는 사업자에 대해서는 육상교통청이 운전자들에게 그 사업자를 위하여 운전하는 것을 금지할 수 있음 ○	분야 상이/상식성/중복 (1차 판정 기준 동일 적용)
X	natua_yes_no_finance-7212461_k3	0.0572	yes_no	고학력 여성이 노동시장에 재진입할 때 비정규직과 정규직의 높지 않은 이동성이 제약이 될 수 있을까	Yes	Ⅳ. 보완방안 1. 금융안정에 대한 측정지표 개발, 금융안정 책임에 관한 유관기관과의 MOU체결 및 금융안정협의기구 구성 추진 (1) 금융안정 측정지표 개발 금융안정을 측정하는 신뢰할 수 있는 측정 지표를 개발함으로써 금융안정을 위한 정책 방향 및 법적 책임을 명확하게 설정할 필요가 있다. 즉 금융 안정 측정지표를 개발하여 목표 인플레이션을 정하고 이를 달	분야 상이/상식성/중복 (1차 판정 기준 동일 적용)
X	natua_yes_no_finance-7713477_k1	0.0566	yes_no	친척이 자녀를 양육할 때 보육료 지원을 받을 수 있을까	No	□ 소규모 사업자 외에 면허를 받아야 하는 사업자는 육상교통청에 통행 및 운전자 관련 자료를 제출하여 야 하며, 육상교통청은 위반행위나 안전사고에 관한 사업자의 보고 의무와 조치 방안 등을 포함한 사업자 준수규범을 마련할 수 있음 □ 육상교통청은 결함이 있거나 위험성이 있는 자동차 모델의 사용을 금지하는 등 필요한 경우 모든 사업자(면허가 불필요한 소규모 	분야 상이/상식성/중복 (1차 판정 기준 동일 적용)
X	natua_yes_no_finance-7713477_k2	0.0566	yes_no	친척이 자녀를 양육할 때 보육료 지원을 받을 수 있을까	No	□ 소규모 사업자 외에 면허를 받아야 하는 사업자는 육상교통청에 통행 및 운전자 관련 자료를 제출하여 야 하며, 육상교통청은 위반행위나 안전사고에 관한 사업자의 보고 의무와 조치 방안 등을 포함한 사업자 준수규범을 마련할 수 있음 □ 육상교통청은 결함이 있거나 위험성이 있는 자동차 모델의 사용을 금지하는 등 필요한 경우 모든 사업자(면허가 불필요한 소규모 	분야 상이/상식성/중복 (1차 판정 기준 동일 적용)
X	natua_yes_no_finance-6794165_k1	0.0562	yes_no	금융 안정과 물가 안정 사이의 상충관계로 드러난 리스크가 균형 잡을 수 있도록 해결이 됐을까	No	□ 시사점 ◦ 우리나라도 싱가포르의 정책 사례를 참고하여 ① 스마트폰 애플리케이션을 활용한 서비스 도입 등 여객운송 산업에서 지금까지 나타난 변화에 대응하고 자율주행자동차의 등장 등 앞으로 다가올 더 큰 변화에 효과적으로 대응할 수 있도록 새로운 여객운송 정책 체계를 마련하고 ② 그 과정에서 정책 당사자의 소통과 협력을 통하여 정책 수립의 효율성 및 신뢰성	분야 상이/상식성/중복 (1차 판정 기준 동일 적용)
X	natua_yes_no_finance-6795873_k3	0.0551	yes_no	생산의 범주에는 가계의 자가소비를 목적으로 하는 가사 활동이 포함되어 있어	No	(3) 승객과 운전자의 안전 보장 조치 □ 모든 사업자(면허가 불필요한 소규모 사업자 포함)는 해당 차량 운행에 필요한 직업면허를 갖춘 운전자와 보험에 가입하고 차량 검사에 합격한 차량만을 활용하여 직접 차량을 운행하거나 예약을 중개할 수 있으며, 이를 위반하는 사업자에 대해서는 육상교통청이 운전자들에게 그 사업자를 위하여 운전하는 것을 금지할 수 있음 ○	분야 상이/상식성/중복 (1차 판정 기준 동일 적용)
X	natua_yes_no_finance-6794163_k1	0.055	yes_no	금융안정이라는 목적을 이루기 위해 금융 안정협의기구를 만들 필요성이 있어	Yes	□ 소규모 사업자 외에 면허를 받아야 하는 사업자는 육상교통청에 통행 및 운전자 관련 자료를 제출하여 야 하며, 육상교통청은 위반행위나 안전사고에 관한 사업자의 보고 의무와 조치 방안 등을 포함한 사업자 준수규범을 마련할 수 있음 □ 육상교통청은 결함이 있거나 위험성이 있는 자동차 모델의 사용을 금지하는 등 필요한 경우 모든 사업자(면허가 불필요한 소규모 	분야 상이/상식성/중복 (1차 판정 기준 동일 적용)
X	natua_yes_no_finance-6794163_k2	0.055	yes_no	금융안정이라는 목적을 이루기 위해 금융 안정협의기구를 만들 필요성이 있어	Yes	□ 소규모 사업자 외에 면허를 받아야 하는 사업자는 육상교통청에 통행 및 운전자 관련 자료를 제출하여 야 하며, 육상교통청은 위반행위나 안전사고에 관한 사업자의 보고 의무와 조치 방안 등을 포함한 사업자 준수규범을 마련할 수 있음 □ 육상교통청은 결함이 있거나 위험성이 있는 자동차 모델의 사용을 금지하는 등 필요한 경우 모든 사업자(면허가 불필요한 소규모 	분야 상이/상식성/중복 (1차 판정 기준 동일 적용)
X	natua_yes_no_finance-7212480_k1	0.0548	yes_no	15세에서 24세 여성의 고용률에 보육료 지원이 통계적으로 유의미한 영향력이 있을까	No	Ⅳ. 보완방안 1. 금융안정에 대한 측정지표 개발, 금융안정 책임에 관한 유관기관과의 MOU체결 및 금융안정협의기구 구성 추진 (1) 금융안정 측정지표 개발 금융안정을 측정하는 신뢰할 수 있는 측정 지표를 개발함으로써 금융안정을 위한 정책 방향 및 법적 책임을 명확하게 설정할 필요가 있다. 즉 금융 안정 측정지표를 개발하여 목표 인플레이션을 정하고 이를 달	분야 상이/상식성/중복 (1차 판정 기준 동일 적용)
X	natua_yes_no_finance-7212480_k2	0.0548	yes_no	15세에서 24세 여성의 고용률에 보육료 지원이 통계적으로 유의미한 영향력이 있을까	No	Ⅳ. 보완방안 1. 금융안정에 대한 측정지표 개발, 금융안정 책임에 관한 유관기관과의 MOU체결 및 금융안정협의기구 구성 추진 (1) 금융안정 측정지표 개발 금융안정을 측정하는 신뢰할 수 있는 측정 지표를 개발함으로써 금융안정을 위한 정책 방향 및 법적 책임을 명확하게 설정할 필요가 있다. 즉 금융 안정 측정지표를 개발하여 목표 인플레이션을 정하고 이를 달	분야 상이/상식성/중복 (1차 판정 기준 동일 적용)
X	natua_yes_no_finance-6794168_k2	0.0545	yes_no	중앙은행이 정부의 은행으로 자리 매김할 수 있도록 한 것은 은행권 발행 업무야	Yes	□ 지금까지의 변화에 대응하고 자율주행자동차의 등장이나 교통수단 간 연계 강화 등 앞으로 다가올 더 큰 변화를 받아들일 수 있도록, 제공되는 서비스에 기반하여 규제 체계를 개편한 싱가포르의 사례를 참고하여 새로운 여객운송 정책 체계 마련을 검토해볼 필요성이 있음 ○ 특히 대규모 PHCB사업자에 대하여도 해당 영업면허 취득 위무를 부과하는 등 여객운송 산업에	분야 상이/상식성/중복 (1차 판정 기준 동일 적용)
X	natua_yes_no_finance-7192061_k1	0.0545	yes_no	금융 안정에 관해 평가 결과를 노르웨이 중앙은행은 재무부에 제출해야 해	Yes	□ 소규모 사업자 외에 면허를 받아야 하는 사업자는 육상교통청에 통행 및 운전자 관련 자료를 제출하여 야 하며, 육상교통청은 위반행위나 안전사고에 관한 사업자의 보고 의무와 조치 방안 등을 포함한 사업자 준수규범을 마련할 수 있음 □ 육상교통청은 결함이 있거나 위험성이 있는 자동차 모델의 사용을 금지하는 등 필요한 경우 모든 사업자(면허가 불필요한 소규모 	분야 상이/상식성/중복 (1차 판정 기준 동일 적용)
X	natua_yes_no_finance-7192061_k2	0.0545	yes_no	금융 안정에 관해 평가 결과를 노르웨이 중앙은행은 재무부에 제출해야 해	Yes	□ 소규모 사업자 외에 면허를 받아야 하는 사업자는 육상교통청에 통행 및 운전자 관련 자료를 제출하여 야 하며, 육상교통청은 위반행위나 안전사고에 관한 사업자의 보고 의무와 조치 방안 등을 포함한 사업자 준수규범을 마련할 수 있음 □ 육상교통청은 결함이 있거나 위험성이 있는 자동차 모델의 사용을 금지하는 등 필요한 경우 모든 사업자(면허가 불필요한 소규모 	분야 상이/상식성/중복 (1차 판정 기준 동일 적용)
X	natua_yes_no_finance-7212497_k3	0.0543	yes_no	여성의 고용을 늘리는 데 보육료를 지원하는 것이 효과를 보고 있을까	Yes	(2) 영란은행법은 통화정책과 관련하여 영란은행의 목적은 물가안정 유지 및 정부의 경제정책 지원이라고 규정하면서 별도로 금융시스템의 안정성을 유지하고 제고하는데 기여하는 것이 영란은행의 목적이라고 명시하고 있다. 또한 금융안정 목적을 위하여 재무부 및 금융감독당국과 협력하여야 함을 규정하고 있다. 영란은행법 제2조A(금융안정목적) : (1) 영란은행의 목적	분야 상이/상식성/중복 (1차 판정 기준 동일 적용)
X	natua_yes_no_finance-6794178_k3	0.0539	yes_no	금융 불안정을 방지하기 위해 노르웨이 중앙은행이 지급 결제 시스템와 관련된 리스크를 규제하는 거니	Yes	□ 제정 배경과 경과 ◦ 싱가포르에서는 기존의 택시 위주 규제 체계로는 승차공유의 등장과 스마트폰을 활용한 예약 서비스 도입 등 지점 간 여객운송(택시+승차공유)의 변화에 대응하기 어렵다는 점이 지적되면서 「지점 간 여객운송사업법 2019」를 제정하고 새로운 규제 프레임워크를 도입함 ◦ 해당 법률은 2019년 8월 싱가포르 국회를 통과하여 2020년 시행을	분야 상이/상식성/중복 (1차 판정 기준 동일 적용)
X	natua_yes_no_finance-6794168_k3	0.0536	yes_no	중앙은행이 정부의 은행으로 자리 매김할 수 있도록 한 것은 은행권 발행 업무야	Yes	□ 소규모 사업자 외에 면허를 받아야 하는 사업자는 육상교통청에 통행 및 운전자 관련 자료를 제출하여 야 하며, 육상교통청은 위반행위나 안전사고에 관한 사업자의 보고 의무와 조치 방안 등을 포함한 사업자 준수규범을 마련할 수 있음 □ 육상교통청은 결함이 있거나 위험성이 있는 자동차 모델의 사용을 금지하는 등 필요한 경우 모든 사업자(면허가 불필요한 소규모 	분야 상이/상식성/중복 (1차 판정 기준 동일 적용)
X	natua_yes_no_finance-7019664_k1	0.0534	yes_no	개정된 노인장기요양보험법에는 노인이 특별현금급여를 받을 수 있게 보장하는 내용이 들어있지	Yes	(3) 승객과 운전자의 안전 보장 조치 □ 모든 사업자(면허가 불필요한 소규모 사업자 포함)는 해당 차량 운행에 필요한 직업면허를 갖춘 운전자와 보험에 가입하고 차량 검사에 합격한 차량만을 활용하여 직접 차량을 운행하거나 예약을 중개할 수 있으며, 이를 위반하는 사업자에 대해서는 육상교통청이 운전자들에게 그 사업자를 위하여 운전하는 것을 금지할 수 있음 ○	분야 상이/상식성/중복 (1차 판정 기준 동일 적용)
X	natua_yes_no_finance-7161948_k1	0.0532	yes_no	위험자산을 은행 관련기관이 계열 기업에게 받는 게 허용되어 있어	No	(3) 금융안정협의기구 설치 한국은행 및 기획재정부, 금융위원회가 각각 금융 안정 목표와 정책수단을 분담하고 있는 상황이므로 금융 안정이라는 공동의 목표를 달성하기 위하여 각 기관이 참여하는 금융 안정협의기구를 구성하여 설치할 필요가 있다. 금융 안정협의기구는 각 기관의 금융 안정 관련 정보를 교환하고, 정책을 협의하는 기능을 수행하여야 할 것이다. 금융 	분야 상이/상식성/중복 (1차 판정 기준 동일 적용)
X	natua_yes_no_finance-7161948_k2	0.0532	yes_no	위험자산을 은행 관련기관이 계열 기업에게 받는 게 허용되어 있어	No	(3) 금융안정협의기구 설치 한국은행 및 기획재정부, 금융위원회가 각각 금융 안정 목표와 정책수단을 분담하고 있는 상황이므로 금융 안정이라는 공동의 목표를 달성하기 위하여 각 기관이 참여하는 금융 안정협의기구를 구성하여 설치할 필요가 있다. 금융 안정협의기구는 각 기관의 금융 안정 관련 정보를 교환하고, 정책을 협의하는 기능을 수행하여야 할 것이다. 금융 	분야 상이/상식성/중복 (1차 판정 기준 동일 적용)
X	natua_yes_no_finance-7212458_k1	0.0528	yes_no	여성 고용률은 지역 노동시장이 지닌 전체적인 특징으로 인해 영향을 받고 있니	Yes	Ⅳ. 보완방안 1. 금융안정에 대한 측정지표 개발, 금융안정 책임에 관한 유관기관과의 MOU체결 및 금융안정협의기구 구성 추진 (1) 금융안정 측정지표 개발 금융안정을 측정하는 신뢰할 수 있는 측정 지표를 개발함으로써 금융안정을 위한 정책 방향 및 법적 책임을 명확하게 설정할 필요가 있다. 즉 금융 안정 측정지표를 개발하여 목표 인플레이션을 정하고 이를 달	분야 상이/상식성/중복 (1차 판정 기준 동일 적용)
X	natua_yes_no_finance-7212458_k2	0.0528	yes_no	여성 고용률은 지역 노동시장이 지닌 전체적인 특징으로 인해 영향을 받고 있니	Yes	Ⅳ. 보완방안 1. 금융안정에 대한 측정지표 개발, 금융안정 책임에 관한 유관기관과의 MOU체결 및 금융안정협의기구 구성 추진 (1) 금융안정 측정지표 개발 금융안정을 측정하는 신뢰할 수 있는 측정 지표를 개발함으로써 금융안정을 위한 정책 방향 및 법적 책임을 명확하게 설정할 필요가 있다. 즉 금융 안정 측정지표를 개발하여 목표 인플레이션을 정하고 이를 달	분야 상이/상식성/중복 (1차 판정 기준 동일 적용)
X	natua_yes_no_finance-7212480_k3	0.0526	yes_no	15세에서 24세 여성의 고용률에 보육료 지원이 통계적으로 유의미한 영향력이 있을까	No	셋째, 한국은행의 목적을 규정한 한국은행 법의 목적 조항(제1조)에서 금융 안정에 유의하여야 함을 규정하고 있다는 사실이다. 또한 이와 같이 목적 조항을 개정함과 동시에 이를 뒷받침하기 위하여 긴급 유동성 지원 제도 개편, 공개시장조작 방식에 증권 대차 추가, 지급준비금 적립 대상 채무 확대 등의 개정이 이루어진 사실도 금융 안정이 한국은행의 목적의 하나임	분야 상이/상식성/중복 (1차 판정 기준 동일 적용)
X	natua_yes_no_finance-6794183_k1	0.0524	yes_no	금융불안의 징조를 알아차리기 위해 금융부분의 동향을 모니터링해야 하는 곳은 금융 감독당국일까	Yes	□ 소규모 사업자 외에 면허를 받아야 하는 사업자는 육상교통청에 통행 및 운전자 관련 자료를 제출하여 야 하며, 육상교통청은 위반행위나 안전사고에 관한 사업자의 보고 의무와 조치 방안 등을 포함한 사업자 준수규범을 마련할 수 있음 □ 육상교통청은 결함이 있거나 위험성이 있는 자동차 모델의 사용을 금지하는 등 필요한 경우 모든 사업자(면허가 불필요한 소규모 	분야 상이/상식성/중복 (1차 판정 기준 동일 적용)
X	natua_yes_no_finance-6794183_k2	0.0524	yes_no	금융불안의 징조를 알아차리기 위해 금융부분의 동향을 모니터링해야 하는 곳은 금융 감독당국일까	Yes	□ 소규모 사업자 외에 면허를 받아야 하는 사업자는 육상교통청에 통행 및 운전자 관련 자료를 제출하여 야 하며, 육상교통청은 위반행위나 안전사고에 관한 사업자의 보고 의무와 조치 방안 등을 포함한 사업자 준수규범을 마련할 수 있음 □ 육상교통청은 결함이 있거나 위험성이 있는 자동차 모델의 사용을 금지하는 등 필요한 경우 모든 사업자(면허가 불필요한 소규모 	분야 상이/상식성/중복 (1차 판정 기준 동일 적용)
X	natua_yes_no_finance-6794132_k2	0.052	yes_no	중국인민은행에서는 중국의 통화정책을 수립하고 집행하는 것을 담당하니	Yes	(3) 승객과 운전자의 안전 보장 조치 □ 모든 사업자(면허가 불필요한 소규모 사업자 포함)는 해당 차량 운행에 필요한 직업면허를 갖춘 운전자와 보험에 가입하고 차량 검사에 합격한 차량만을 활용하여 직접 차량을 운행하거나 예약을 중개할 수 있으며, 이를 위반하는 사업자에 대해서는 육상교통청이 운전자들에게 그 사업자를 위하여 운전하는 것을 금지할 수 있음 ○	분야 상이/상식성/중복 (1차 판정 기준 동일 적용)
X	natua_yes_no_finance-7212517_k1	0.0519	yes_no	2013년에 경기도의 경제활동인구에서 30대가 차지하고 있는 비율이 이십오 퍼센트야	Yes	교장공모제는 교장 임용 다양화정책의 일환으로 기존의 교장승진제도와 초빙교장제의 한계를 극복하고 학교와 지역 발전을 촉진할 수 있는 교장을 임용하기 위한 차원에서 도입되었다. 그간의 경위를 보면, 2005년 11월 교육인적자원부는 ‘교장초빙ㆍ공모제 시범운영 추진계획’을 마련하였고, 대통령자문 교육혁신위원회가 개선방안을 구상하였다. 그리고 2007년 4월에는 	분야 상이/상식성/중복 (1차 판정 기준 동일 적용)
X	natua_yes_no_finance-7212517_k2	0.0519	yes_no	2013년에 경기도의 경제활동인구에서 30대가 차지하고 있는 비율이 이십오 퍼센트야	Yes	교장공모제는 교장 임용 다양화정책의 일환으로 기존의 교장승진제도와 초빙교장제의 한계를 극복하고 학교와 지역 발전을 촉진할 수 있는 교장을 임용하기 위한 차원에서 도입되었다. 그간의 경위를 보면, 2005년 11월 교육인적자원부는 ‘교장초빙ㆍ공모제 시범운영 추진계획’을 마련하였고, 대통령자문 교육혁신위원회가 개선방안을 구상하였다. 그리고 2007년 4월에는 	분야 상이/상식성/중복 (1차 판정 기준 동일 적용)
X	natua_yes_no_finance-7212503_k1	0.0517	yes_no	전통 제조업은 경기도 지역에서 지방으로 이동하는 모습을 보였지	Yes	Ⅱ. 주요국 중앙은행법상 금융안정 목적 세계 대부분의 중앙은행들은 금융안정에 대하여 중앙은행이 책임을 갖고 있다는 전제하에 업무를 수행하고 있다. 국제결제은행(Bank for International Settlements, 이하 BIS라 한다)에 따르면 세계 중앙은행의 90%는 금융시스템 감독과 금융안정정책에 대한 책임을 갖고 있다고 한다. 그러나 중앙은행	분야 상이/상식성/중복 (1차 판정 기준 동일 적용)
O	natua_yes_no_finance-6437821_k1	0.0516	yes_no	싱가포르는 PHCB사업 등 새로운 여객운송 변화에 대응하기 위해 2019년 도로교통법을 만들었지	No	1차 및 2차 세계대전, 금본위제의 붕괴와 경제에 관한 정부 역할에 대한 시각 변화 등에 따라 20세기 초까지 중앙은행은 공공정책 기관으로 완전히 변신하였다. 중앙은행들은 새로운 통화질서를 관리하는 임무를 갖게 되었으며, 아직 중앙은행을 설립하지 않은 국가들은 국가 거시경제에서 핵심 역할을 하는 중앙은행의 설립을 촉구 받았으며, 많은 국가에서 중앙은행의 국	해외법제 연구 장르 일치·답 부재
X	natua_yes_no_finance-6794162_k3	0.0514	yes_no	양해각서에 금융 안전에 대한 기관 간 협력 과정이 포함될 필요가 있니	Yes	(3) 승객과 운전자의 안전 보장 조치 □ 모든 사업자(면허가 불필요한 소규모 사업자 포함)는 해당 차량 운행에 필요한 직업면허를 갖춘 운전자와 보험에 가입하고 차량 검사에 합격한 차량만을 활용하여 직접 차량을 운행하거나 예약을 중개할 수 있으며, 이를 위반하는 사업자에 대해서는 육상교통청이 운전자들에게 그 사업자를 위하여 운전하는 것을 금지할 수 있음 ○	분야 상이/상식성/중복 (1차 판정 기준 동일 적용)
X	natua_yes_no_finance-7212511_k1	0.0514	yes_no	인구성장률이 장기간 하락세를 보이고 있는 지역은 경기도일까	Yes	□ 소규모 사업자 외에 면허를 받아야 하는 사업자는 육상교통청에 통행 및 운전자 관련 자료를 제출하여 야 하며, 육상교통청은 위반행위나 안전사고에 관한 사업자의 보고 의무와 조치 방안 등을 포함한 사업자 준수규범을 마련할 수 있음 □ 육상교통청은 결함이 있거나 위험성이 있는 자동차 모델의 사용을 금지하는 등 필요한 경우 모든 사업자(면허가 불필요한 소규모 	분야 상이/상식성/중복 (1차 판정 기준 동일 적용)
X	natua_yes_no_finance-7212511_k2	0.0514	yes_no	인구성장률이 장기간 하락세를 보이고 있는 지역은 경기도일까	Yes	□ 소규모 사업자 외에 면허를 받아야 하는 사업자는 육상교통청에 통행 및 운전자 관련 자료를 제출하여 야 하며, 육상교통청은 위반행위나 안전사고에 관한 사업자의 보고 의무와 조치 방안 등을 포함한 사업자 준수규범을 마련할 수 있음 □ 육상교통청은 결함이 있거나 위험성이 있는 자동차 모델의 사용을 금지하는 등 필요한 경우 모든 사업자(면허가 불필요한 소규모 	분야 상이/상식성/중복 (1차 판정 기준 동일 적용)
X	natua_yes_no_finance-6794177_k1	0.0513	yes_no	노르웨이 중앙은행이 지급 결제 시스템과 연관된 위험을 제한하는 이유는 금융 불안정을 막기 위함일까	Yes	□ 소규모 사업자 외에 면허를 받아야 하는 사업자는 육상교통청에 통행 및 운전자 관련 자료를 제출하여 야 하며, 육상교통청은 위반행위나 안전사고에 관한 사업자의 보고 의무와 조치 방안 등을 포함한 사업자 준수규범을 마련할 수 있음 □ 육상교통청은 결함이 있거나 위험성이 있는 자동차 모델의 사용을 금지하는 등 필요한 경우 모든 사업자(면허가 불필요한 소규모 	분야 상이/상식성/중복 (1차 판정 기준 동일 적용)
X	natua_yes_no_finance-6794177_k2	0.0513	yes_no	노르웨이 중앙은행이 지급 결제 시스템과 연관된 위험을 제한하는 이유는 금융 불안정을 막기 위함일까	Yes	□ 소규모 사업자 외에 면허를 받아야 하는 사업자는 육상교통청에 통행 및 운전자 관련 자료를 제출하여 야 하며, 육상교통청은 위반행위나 안전사고에 관한 사업자의 보고 의무와 조치 방안 등을 포함한 사업자 준수규범을 마련할 수 있음 □ 육상교통청은 결함이 있거나 위험성이 있는 자동차 모델의 사용을 금지하는 등 필요한 경우 모든 사업자(면허가 불필요한 소규모 	분야 상이/상식성/중복 (1차 판정 기준 동일 적용)
X	natua_yes_no_finance-7212517_k3	0.0513	yes_no	2013년에 경기도의 경제활동인구에서 30대가 차지하고 있는 비율이 이십오 퍼센트야	Yes	□ 제정 배경과 경과 ◦ 싱가포르에서는 기존의 택시 위주 규제 체계로는 승차공유의 등장과 스마트폰을 활용한 예약 서비스 도입 등 지점 간 여객운송(택시+승차공유)의 변화에 대응하기 어렵다는 점이 지적되면서 「지점 간 여객운송사업법 2019」를 제정하고 새로운 규제 프레임워크를 도입함 ◦ 해당 법률은 2019년 8월 싱가포르 국회를 통과하여 2020년 시행을	분야 상이/상식성/중복 (1차 판정 기준 동일 적용)
X	natua_yes_no_finance-7462358_k1	0.051	yes_no	경기도는 출산과 결혼으로 인해 이전 직장을 퇴사한 근로자의 비중이 전국 평균보다 높은 지역이니	Yes	(2) 2010년 확대실시 및 심사절차 교과부는 올해 9월 교장임용에서 768개교의 교장 결원 예정학교 가운데 56%인 436개교에서 초빙형 교장공모제를 실시하겠다고 발표하였다. 서울은 결원 학교수의 100%인 76개교에서 실시하였고, 인천은 약 67%, 그 밖의 지역은 약 50%에서 초빙형 교장공모제를 실시하였다. 교장공모 신청 결과 전국 평균경쟁률은 4	분야 상이/상식성/중복 (1차 판정 기준 동일 적용)
X	natua_yes_no_finance-7462358_k2	0.051	yes_no	경기도는 출산과 결혼으로 인해 이전 직장을 퇴사한 근로자의 비중이 전국 평균보다 높은 지역이니	Yes	(2) 2010년 확대실시 및 심사절차 교과부는 올해 9월 교장임용에서 768개교의 교장 결원 예정학교 가운데 56%인 436개교에서 초빙형 교장공모제를 실시하겠다고 발표하였다. 서울은 결원 학교수의 100%인 76개교에서 실시하였고, 인천은 약 67%, 그 밖의 지역은 약 50%에서 초빙형 교장공모제를 실시하였다. 교장공모 신청 결과 전국 평균경쟁률은 4	분야 상이/상식성/중복 (1차 판정 기준 동일 적용)
X	natua_yes_no_finance-7212485_k1	0.0507	yes_no	가족지원에 대한 한국 정부의 지출규모는 OECD 국가보다 높을까	No	(2) 영란은행법은 통화정책과 관련하여 영란은행의 목적은 물가안정 유지 및 정부의 경제정책 지원이라고 규정하면서 별도로 금융시스템의 안정성을 유지하고 제고하는데 기여하는 것이 영란은행의 목적이라고 명시하고 있다. 또한 금융안정 목적을 위하여 재무부 및 금융감독당국과 협력하여야 함을 규정하고 있다. 영란은행법 제2조A(금융안정목적) : (1) 영란은행의 목적	분야 상이/상식성/중복 (1차 판정 기준 동일 적용)
X	natua_yes_no_finance-7212485_k2	0.0507	yes_no	가족지원에 대한 한국 정부의 지출규모는 OECD 국가보다 높을까	No	(2) 영란은행법은 통화정책과 관련하여 영란은행의 목적은 물가안정 유지 및 정부의 경제정책 지원이라고 규정하면서 별도로 금융시스템의 안정성을 유지하고 제고하는데 기여하는 것이 영란은행의 목적이라고 명시하고 있다. 또한 금융안정 목적을 위하여 재무부 및 금융감독당국과 협력하여야 함을 규정하고 있다. 영란은행법 제2조A(금융안정목적) : (1) 영란은행의 목적	분야 상이/상식성/중복 (1차 판정 기준 동일 적용)
X	natua_yes_no_finance-7212457_k1	0.0506	yes_no	지역 노동시장이 가진 전반적인 특징에 여성 고용률이 영향을 받고 있을까	Yes	(나) 노르웨이 노르웨이의 금융 안정 기능은 재무부와 금융 감독당국, 중앙은행으로 분담되어 있다. 재무부는 노르웨이의 금융산업이 원활하게 그 기능을 수행할 수 있도록 하는 전반적인 책임을 부담한다. 재무부는 금융위기 시 세 기관의 활동을 조정하는 중요한 역할을 한다. 중앙은행과 금융 감독당국의 책임은 중앙은행 법, 금융 감독 법과 금융산업 관련 기타 법령에	분야 상이/상식성/중복 (1차 판정 기준 동일 적용)
X	natua_yes_no_finance-6794172_k3	0.0505	yes_no	금융 시스템의 인프라와 연관된 안전성에 대한 조언을 영란은행은 재무부 장관을 통해 받고 있지	Yes	(3) 교육감의 임용권 견제 미비 교과부는 교장공모제를 확대 실시하여 교육감에 집중된 교장인사권을 단위학교로 분산하겠다고 발표하였다. 그러나 현제도는 인사권 분산에 있어 5, 6차 시범적용에 비해 큰 차이가 없다. 교육감이 교육청 심사위원회의 구성에 사실상 영향력을 행사할 수도 있다는 점에서 보면, 학운위 심사에서 상위 2인을 선정하여 추천하던 5차 시범적	분야 상이/상식성/중복 (1차 판정 기준 동일 적용)
X	natua_yes_no_finance-7212520_k1	0.0502	yes_no	20대 후반이 경기도에서 십여 년 동안 고용률 증가세를 보인 연령층이야	Yes	노숙인 등의 복지 및 자립지원에 관한 법률 시행규칙 일부개정령(안) 입법예고 1. 개정이유 노숙인자활시설 및 노숙인종합지원센터 이용현황 보고 주기를 숙인재활시설 및 노숙인요양시설 이용현황 보고 주기와 동일하게 반기별 1회로 개선하여 부담을 완화하고자 함. 2. 주요내용 가. 노숙인자활시설 및 노숙인종합지원센터 이용현황 보고 주기를 분기별 1회에서 반기별 1	분야 상이/상식성/중복 (1차 판정 기준 동일 적용)
X	natua_yes_no_finance-7212520_k2	0.0502	yes_no	20대 후반이 경기도에서 십여 년 동안 고용률 증가세를 보인 연령층이야	Yes	노숙인 등의 복지 및 자립지원에 관한 법률 시행규칙 일부개정령(안) 입법예고 1. 개정이유 노숙인자활시설 및 노숙인종합지원센터 이용현황 보고 주기를 숙인재활시설 및 노숙인요양시설 이용현황 보고 주기와 동일하게 반기별 1회로 개선하여 부담을 완화하고자 함. 2. 주요내용 가. 노숙인자활시설 및 노숙인종합지원센터 이용현황 보고 주기를 분기별 1회에서 반기별 1	분야 상이/상식성/중복 (1차 판정 기준 동일 적용)
X	natua_yes_no_finance-7212423_k1	0.05	yes_no	가구주들이 안정적인 고용을 선호하는 현상이 더 크게 나타난 곳은 수도권일까	Yes	□ 시사점 ◦ 우리나라도 싱가포르의 정책 사례를 참고하여 ① 스마트폰 애플리케이션을 활용한 서비스 도입 등 여객운송 산업에서 지금까지 나타난 변화에 대응하고 자율주행자동차의 등장 등 앞으로 다가올 더 큰 변화에 효과적으로 대응할 수 있도록 새로운 여객운송 정책 체계를 마련하고 ② 그 과정에서 정책 당사자의 소통과 협력을 통하여 정책 수립의 효율성 및 신뢰성	분야 상이/상식성/중복 (1차 판정 기준 동일 적용)
X	natua_yes_no_finance-6794141_k3	0.0498	yes_no	일본은행법에 일본은행이 통화와 금융을 조절하는 것을 목표로 하라는 내용이 명시되어 있어	Yes	(3) 승객과 운전자의 안전 보장 조치 □ 모든 사업자(면허가 불필요한 소규모 사업자 포함)는 해당 차량 운행에 필요한 직업면허를 갖춘 운전자와 보험에 가입하고 차량 검사에 합격한 차량만을 활용하여 직접 차량을 운행하거나 예약을 중개할 수 있으며, 이를 위반하는 사업자에 대해서는 육상교통청이 운전자들에게 그 사업자를 위하여 운전하는 것을 금지할 수 있음 ○	분야 상이/상식성/중복 (1차 판정 기준 동일 적용)
X	natua_yes_no_finance-6794165_k2	0.0498	yes_no	금융 안정과 물가 안정 사이의 상충관계로 드러난 리스크가 균형 잡을 수 있도록 해결이 됐을까	No	□ 지금까지의 변화에 대응하고 자율주행자동차의 등장이나 교통수단 간 연계 강화 등 앞으로 다가올 더 큰 변화를 받아들일 수 있도록, 제공되는 서비스에 기반하여 규제 체계를 개편한 싱가포르의 사례를 참고하여 새로운 여객운송 정책 체계 마련을 검토해볼 필요성이 있음 ○ 특히 대규모 PHCB사업자에 대하여도 해당 영업면허 취득 위무를 부과하는 등 여객운송 산업에	분야 상이/상식성/중복 (1차 판정 기준 동일 적용)
X	natua_yes_no_finance-6794150_k1	0.0494	yes_no	중앙은행은 금융 안정 성취를 그 목적으로 두고 있니	Yes	(3) 승객과 운전자의 안전 보장 조치 □ 모든 사업자(면허가 불필요한 소규모 사업자 포함)는 해당 차량 운행에 필요한 직업면허를 갖춘 운전자와 보험에 가입하고 차량 검사에 합격한 차량만을 활용하여 직접 차량을 운행하거나 예약을 중개할 수 있으며, 이를 위반하는 사업자에 대해서는 육상교통청이 운전자들에게 그 사업자를 위하여 운전하는 것을 금지할 수 있음 ○	분야 상이/상식성/중복 (1차 판정 기준 동일 적용)
X	natua_yes_no_finance-6390527_k1	0.0493	yes_no	심사에서 학교운영위원이 차지하는 비중은 개정된 교장공모제 심사단계에 따라 절반으로 감소했어	Yes	2. 경기도 청년층 고용동향과 문제점 1) 인구추이 및 경제활동참가율 □ 청년층 인구의 비중감소 및 절대감소 단계 진입 ○ 2013년 기준, 경기도의 청년층(15-29세) 인구규모는 2,422명으로 경기도 총인구(12,081명) 대비 20.0%를 차지하고 있으며, 최근 5년간 1.5%가 증가하여 경기도 평균 증가율(7.5%)에 크게 미달하는 수준 – 하지만	분야 상이/상식성/중복 (1차 판정 기준 동일 적용)
X	natua_yes_no_finance-6390527_k2	0.0493	yes_no	심사에서 학교운영위원이 차지하는 비중은 개정된 교장공모제 심사단계에 따라 절반으로 감소했어	Yes	2. 경기도 청년층 고용동향과 문제점 1) 인구추이 및 경제활동참가율 □ 청년층 인구의 비중감소 및 절대감소 단계 진입 ○ 2013년 기준, 경기도의 청년층(15-29세) 인구규모는 2,422명으로 경기도 총인구(12,081명) 대비 20.0%를 차지하고 있으며, 최근 5년간 1.5%가 증가하여 경기도 평균 증가율(7.5%)에 크게 미달하는 수준 – 하지만	분야 상이/상식성/중복 (1차 판정 기준 동일 적용)
X	natua_yes_no_finance-7212436_k1	0.0493	yes_no	OECD 국가의 참가율에 비해 한국 여성의 경제활동은 큰 차이가 나지	Yes	(3) 교육감의 임용권 견제 미비 교과부는 교장공모제를 확대 실시하여 교육감에 집중된 교장인사권을 단위학교로 분산하겠다고 발표하였다. 그러나 현제도는 인사권 분산에 있어 5, 6차 시범적용에 비해 큰 차이가 없다. 교육감이 교육청 심사위원회의 구성에 사실상 영향력을 행사할 수도 있다는 점에서 보면, 학운위 심사에서 상위 2인을 선정하여 추천하던 5차 시범적	분야 상이/상식성/중복 (1차 판정 기준 동일 적용)
X	natua_yes_no_finance-7212436_k2	0.0493	yes_no	OECD 국가의 참가율에 비해 한국 여성의 경제활동은 큰 차이가 나지	Yes	(3) 교육감의 임용권 견제 미비 교과부는 교장공모제를 확대 실시하여 교육감에 집중된 교장인사권을 단위학교로 분산하겠다고 발표하였다. 그러나 현제도는 인사권 분산에 있어 5, 6차 시범적용에 비해 큰 차이가 없다. 교육감이 교육청 심사위원회의 구성에 사실상 영향력을 행사할 수도 있다는 점에서 보면, 학운위 심사에서 상위 2인을 선정하여 추천하던 5차 시범적	분야 상이/상식성/중복 (1차 판정 기준 동일 적용)
X	natua_yes_no_finance-6390536_k1	0.0491	yes_no	교장공모제 심사를 위해 당일 바로 선정된 심사위원 중에 일반 학부모는 없지	No	□ 한국은행은 지난 3월 30일부터 약 한달간 일반 국민들과 소통의 폭을 넓혀 나가기 위하여 처음으로 ｢한국은행 스토리텔링｣을 공모하였음     ㅇ 공모내용은 한국은행과 관련한 미담이나 체험담을 600자 내외로 엮은 스토리임 □ 공모 결과 전국 각지에서 총 196명이 응모하였으며, 1차 심사에서 100편의 후보작을 뽑은 후 외부 심사위원이 포함된 2차 심사	분야 상이/상식성/중복 (1차 판정 기준 동일 적용)
X	natua_yes_no_finance-6794129_k1	0.049	yes_no	금융안정을 이루려는 여타 기관과 협동하는 형태로 규정되어 있는 게 제3유형이야	Yes	(2) 당사자 간 지속적인 소통과 협력을 통한 정책 마련 □ 우리나라에서는 현재 당사자들이 첨예하게 대립하고 있고, 정책 당사자의 참여를 통한 지속적인 소통과 협력이 이루어지지 못해 효과적인 정책의 수립·집행이 제한되고 있음 □ 싱가포르의 경우 새로운 규제 프레임워크를 도입하는 과정에 정책 당사자인 운전자, 택시협회, 승차공유차량협회, 사업자, 일반 국민이	분야 상이/상식성/중복 (1차 판정 기준 동일 적용)
X	natua_yes_no_finance-7019665_k1	0.0489	yes_no	고령자가 특별현금급여 수급을 보장하는 내용을 포함해 노인장기요양보험법을 수정했지	Yes	□ 소규모 사업자 외에 면허를 받아야 하는 사업자는 육상교통청에 통행 및 운전자 관련 자료를 제출하여 야 하며, 육상교통청은 위반행위나 안전사고에 관한 사업자의 보고 의무와 조치 방안 등을 포함한 사업자 준수규범을 마련할 수 있음 □ 육상교통청은 결함이 있거나 위험성이 있는 자동차 모델의 사용을 금지하는 등 필요한 경우 모든 사업자(면허가 불필요한 소규모 	분야 상이/상식성/중복 (1차 판정 기준 동일 적용)
X	natua_yes_no_finance-7019665_k2	0.0489	yes_no	고령자가 특별현금급여 수급을 보장하는 내용을 포함해 노인장기요양보험법을 수정했지	Yes	□ 소규모 사업자 외에 면허를 받아야 하는 사업자는 육상교통청에 통행 및 운전자 관련 자료를 제출하여 야 하며, 육상교통청은 위반행위나 안전사고에 관한 사업자의 보고 의무와 조치 방안 등을 포함한 사업자 준수규범을 마련할 수 있음 □ 육상교통청은 결함이 있거나 위험성이 있는 자동차 모델의 사용을 금지하는 등 필요한 경우 모든 사업자(면허가 불필요한 소규모 	분야 상이/상식성/중복 (1차 판정 기준 동일 적용)
X	natua_yes_no_finance-6794165_k3	0.0487	yes_no	금융 안정과 물가 안정 사이의 상충관계로 드러난 리스크가 균형 잡을 수 있도록 해결이 됐을까	No	(3) 승객과 운전자의 안전 보장 조치 □ 모든 사업자(면허가 불필요한 소규모 사업자 포함)는 해당 차량 운행에 필요한 직업면허를 갖춘 운전자와 보험에 가입하고 차량 검사에 합격한 차량만을 활용하여 직접 차량을 운행하거나 예약을 중개할 수 있으며, 이를 위반하는 사업자에 대해서는 육상교통청이 운전자들에게 그 사업자를 위하여 운전하는 것을 금지할 수 있음 ○	분야 상이/상식성/중복 (1차 판정 기준 동일 적용)
X	natua_yes_no_finance-6794171_k3	0.0485	yes_no	영란은행은 금융 시스템의 인프라와 관련된 안전성에 대한 조언을 재무부 장관을 통해 얻고 있지	Yes	(3) 승객과 운전자의 안전 보장 조치 □ 모든 사업자(면허가 불필요한 소규모 사업자 포함)는 해당 차량 운행에 필요한 직업면허를 갖춘 운전자와 보험에 가입하고 차량 검사에 합격한 차량만을 활용하여 직접 차량을 운행하거나 예약을 중개할 수 있으며, 이를 위반하는 사업자에 대해서는 육상교통청이 운전자들에게 그 사업자를 위하여 운전하는 것을 금지할 수 있음 ○	분야 상이/상식성/중복 (1차 판정 기준 동일 적용)
O	natua_yes_no_finance-7021843_k3	0.0484	yes_no	근로복지공단이 피보험자격 관리 업무를 담당하도록 고용보험법 시행령이 수정되는 거지	Yes	노인장기요양보험법 시행령 일부개정령(안) 입법예고 1. 개정사유 특별현금급여가 다른 금원과 섞이면서 해당 통장이 압류되는 경우 특별현금급여와 이를 받을 권리가 침해되는 것을 방지해 노인과 그 가족의 생활안정을 도모하려는 것을 목표로 「노인장기요양보험법」이 개정됨(법률 제14321호, 2016.12.2. 개정)에 따라 특별현금급여계좌 신청 방법·절차 및 관리	시행령↔시행령·답 부재
X	natua_yes_no_finance-6795874_k1	0.0484	yes_no	가계가 스스로 소비하기 위한 집안에서의 작업들이 생산의 범위에는 내포되어 있니	No	Ⅳ. 보완방안 1. 금융안정에 대한 측정지표 개발, 금융안정 책임에 관한 유관기관과의 MOU체결 및 금융안정협의기구 구성 추진 (1) 금융안정 측정지표 개발 금융안정을 측정하는 신뢰할 수 있는 측정 지표를 개발함으로써 금융안정을 위한 정책 방향 및 법적 책임을 명확하게 설정할 필요가 있다. 즉 금융 안정 측정지표를 개발하여 목표 인플레이션을 정하고 이를 달	분야 상이/상식성/중복 (1차 판정 기준 동일 적용)
X	natua_yes_no_finance-6795874_k2	0.0484	yes_no	가계가 스스로 소비하기 위한 집안에서의 작업들이 생산의 범위에는 내포되어 있니	No	Ⅳ. 보완방안 1. 금융안정에 대한 측정지표 개발, 금융안정 책임에 관한 유관기관과의 MOU체결 및 금융안정협의기구 구성 추진 (1) 금융안정 측정지표 개발 금융안정을 측정하는 신뢰할 수 있는 측정 지표를 개발함으로써 금융안정을 위한 정책 방향 및 법적 책임을 명확하게 설정할 필요가 있다. 즉 금융 안정 측정지표를 개발하여 목표 인플레이션을 정하고 이를 달	분야 상이/상식성/중복 (1차 판정 기준 동일 적용)
X	natua_yes_no_finance-7212435_k1	0.0484	yes_no	한국 여성의 경제활동은 OECD 국가의 참가율과 비교했을 때 큰 차이가 있지	Yes	(3) 교육감의 임용권 견제 미비 교과부는 교장공모제를 확대 실시하여 교육감에 집중된 교장인사권을 단위학교로 분산하겠다고 발표하였다. 그러나 현제도는 인사권 분산에 있어 5, 6차 시범적용에 비해 큰 차이가 없다. 교육감이 교육청 심사위원회의 구성에 사실상 영향력을 행사할 수도 있다는 점에서 보면, 학운위 심사에서 상위 2인을 선정하여 추천하던 5차 시범적	분야 상이/상식성/중복 (1차 판정 기준 동일 적용)
X	natua_yes_no_finance-7212435_k2	0.0484	yes_no	한국 여성의 경제활동은 OECD 국가의 참가율과 비교했을 때 큰 차이가 있지	Yes	(3) 교육감의 임용권 견제 미비 교과부는 교장공모제를 확대 실시하여 교육감에 집중된 교장인사권을 단위학교로 분산하겠다고 발표하였다. 그러나 현제도는 인사권 분산에 있어 5, 6차 시범적용에 비해 큰 차이가 없다. 교육감이 교육청 심사위원회의 구성에 사실상 영향력을 행사할 수도 있다는 점에서 보면, 학운위 심사에서 상위 2인을 선정하여 추천하던 5차 시범적	분야 상이/상식성/중복 (1차 판정 기준 동일 적용)
X	natua_yes_no_finance-6437821_k2	0.0483	yes_no	싱가포르는 PHCB사업 등 새로운 여객운송 변화에 대응하기 위해 2019년 도로교통법을 만들었지	No	「보건복지부와 그 소속기관 직제 시행규칙」일부개정령(안) 입법예고 1. 개정이유 김포공항의 새로운 검역수요에 대응하기 위하여 검역인력 명(8급1)을 증원하여 시간선택제공무원으로 충원토록 하는 한편, 생명윤리 기능과 공공의료 기능간 업무 연계성 강화를 위하여 보건산업정책국 소관이던 생명윤리 기능을 보건의료정책실로 소관을 변경하는 내용으로「보건복지부와 그 소속	분야 상이/상식성/중복 (1차 판정 기준 동일 적용)
X	natua_yes_no_finance-6437821_k3	0.0483	yes_no	싱가포르는 PHCB사업 등 새로운 여객운송 변화에 대응하기 위해 2019년 도로교통법을 만들었지	No	「보건복지부와 그 소속기관 직제 시행규칙」일부개정령(안) 입법예고 1. 개정이유 김포공항의 새로운 검역수요에 대응하기 위하여 검역인력 명(8급1)을 증원하여 시간선택제공무원으로 충원토록 하는 한편, 생명윤리 기능과 공공의료 기능간 업무 연계성 강화를 위하여 보건산업정책국 소관이던 생명윤리 기능을 보건의료정책실로 소관을 변경하는 내용으로「보건복지부와 그 소속	분야 상이/상식성/중복 (1차 판정 기준 동일 적용)
X	natua_yes_no_finance-6437829_k1	0.048	yes_no	소규모 사업자는 육상교통청에 통행과 운전자에 대한 정보를 알려야 하는 거지	No	(3) 금융안정협의기구 설치 한국은행 및 기획재정부, 금융위원회가 각각 금융 안정 목표와 정책수단을 분담하고 있는 상황이므로 금융 안정이라는 공동의 목표를 달성하기 위하여 각 기관이 참여하는 금융 안정협의기구를 구성하여 설치할 필요가 있다. 금융 안정협의기구는 각 기관의 금융 안정 관련 정보를 교환하고, 정책을 협의하는 기능을 수행하여야 할 것이다. 금융 	분야 상이/상식성/중복 (1차 판정 기준 동일 적용)
X	natua_yes_no_finance-6437829_k2	0.048	yes_no	소규모 사업자는 육상교통청에 통행과 운전자에 대한 정보를 알려야 하는 거지	No	(3) 금융안정협의기구 설치 한국은행 및 기획재정부, 금융위원회가 각각 금융 안정 목표와 정책수단을 분담하고 있는 상황이므로 금융 안정이라는 공동의 목표를 달성하기 위하여 각 기관이 참여하는 금융 안정협의기구를 구성하여 설치할 필요가 있다. 금융 안정협의기구는 각 기관의 금융 안정 관련 정보를 교환하고, 정책을 협의하는 기능을 수행하여야 할 것이다. 금융 	분야 상이/상식성/중복 (1차 판정 기준 동일 적용)
X	natua_yes_no_finance-7019664_k2	0.048	yes_no	개정된 노인장기요양보험법에는 노인이 특별현금급여를 받을 수 있게 보장하는 내용이 들어있지	Yes	□ 소규모 사업자 외에 면허를 받아야 하는 사업자는 육상교통청에 통행 및 운전자 관련 자료를 제출하여 야 하며, 육상교통청은 위반행위나 안전사고에 관한 사업자의 보고 의무와 조치 방안 등을 포함한 사업자 준수규범을 마련할 수 있음 □ 육상교통청은 결함이 있거나 위험성이 있는 자동차 모델의 사용을 금지하는 등 필요한 경우 모든 사업자(면허가 불필요한 소규모 	분야 상이/상식성/중복 (1차 판정 기준 동일 적용)
X	natua_yes_no_finance-7019664_k3	0.048	yes_no	개정된 노인장기요양보험법에는 노인이 특별현금급여를 받을 수 있게 보장하는 내용이 들어있지	Yes	□ 소규모 사업자 외에 면허를 받아야 하는 사업자는 육상교통청에 통행 및 운전자 관련 자료를 제출하여 야 하며, 육상교통청은 위반행위나 안전사고에 관한 사업자의 보고 의무와 조치 방안 등을 포함한 사업자 준수규범을 마련할 수 있음 □ 육상교통청은 결함이 있거나 위험성이 있는 자동차 모델의 사용을 금지하는 등 필요한 경우 모든 사업자(면허가 불필요한 소규모 	분야 상이/상식성/중복 (1차 판정 기준 동일 적용)
X	natua_yes_no_finance-7462358_k3	0.048	yes_no	경기도는 출산과 결혼으로 인해 이전 직장을 퇴사한 근로자의 비중이 전국 평균보다 높은 지역이니	Yes	(3) 승객과 운전자의 안전 보장 조치 □ 모든 사업자(면허가 불필요한 소규모 사업자 포함)는 해당 차량 운행에 필요한 직업면허를 갖춘 운전자와 보험에 가입하고 차량 검사에 합격한 차량만을 활용하여 직접 차량을 운행하거나 예약을 중개할 수 있으며, 이를 위반하는 사업자에 대해서는 육상교통청이 운전자들에게 그 사업자를 위하여 운전하는 것을 금지할 수 있음 ○	분야 상이/상식성/중복 (1차 판정 기준 동일 적용)
X	natua_yes_no_finance-7212504_k1	0.048	yes_no	경기도에서 지방으로 이전하는 모습이 전통 제조업에서 나타났지	Yes	□ 시사점 ◦ 우리나라도 싱가포르의 정책 사례를 참고하여 ① 스마트폰 애플리케이션을 활용한 서비스 도입 등 여객운송 산업에서 지금까지 나타난 변화에 대응하고 자율주행자동차의 등장 등 앞으로 다가올 더 큰 변화에 효과적으로 대응할 수 있도록 새로운 여객운송 정책 체계를 마련하고 ② 그 과정에서 정책 당사자의 소통과 협력을 통하여 정책 수립의 효율성 및 신뢰성	분야 상이/상식성/중복 (1차 판정 기준 동일 적용)
X	natua_yes_no_finance-6477455_k2	0.0479	yes_no	추계방법이나 이용자료의 차이로 국민소득은 통계상으로 볼 때 일치하지 않을 수도 있어	Yes	(3) 교육감의 임용권 견제 미비 교과부는 교장공모제를 확대 실시하여 교육감에 집중된 교장인사권을 단위학교로 분산하겠다고 발표하였다. 그러나 현제도는 인사권 분산에 있어 5, 6차 시범적용에 비해 큰 차이가 없다. 교육감이 교육청 심사위원회의 구성에 사실상 영향력을 행사할 수도 있다는 점에서 보면, 학운위 심사에서 상위 2인을 선정하여 추천하던 5차 시범적	분야 상이/상식성/중복 (1차 판정 기준 동일 적용)
X	natua_yes_no_finance-6477455_k3	0.0479	yes_no	추계방법이나 이용자료의 차이로 국민소득은 통계상으로 볼 때 일치하지 않을 수도 있어	Yes	(3) 교육감의 임용권 견제 미비 교과부는 교장공모제를 확대 실시하여 교육감에 집중된 교장인사권을 단위학교로 분산하겠다고 발표하였다. 그러나 현제도는 인사권 분산에 있어 5, 6차 시범적용에 비해 큰 차이가 없다. 교육감이 교육청 심사위원회의 구성에 사실상 영향력을 행사할 수도 있다는 점에서 보면, 학운위 심사에서 상위 2인을 선정하여 추천하던 5차 시범적	분야 상이/상식성/중복 (1차 판정 기준 동일 적용)
X	natua_yes_no_finance-7212458_k3	0.0477	yes_no	여성 고용률은 지역 노동시장이 지닌 전체적인 특징으로 인해 영향을 받고 있니	Yes	〈참고 2〉 외국의 금융안정 책임관계 관련 MOU의 주요내용 (가) 영국 ① 영란은행은 금융시스템의 전반적인 안정성 유지에 기여함을 목적으로 하며, 책임의 내용은 다음과 같다. 첫째, 통화정책으로 통화시스템의 안정성을 확보한다. 특히 유동성의 변동에 대처한다. 둘째, 주요 금융 시스템 인프라의 안정성을 감시하고, 이에 대하여 재무부 장관에게 조언하고 자문한	분야 상이/상식성/중복 (1차 판정 기준 동일 적용)
X	natua_yes_no_finance-6794175_k1	0.0474	yes_no	재무부는 금융위기가 발생했을 때 금융 감독당국과 중앙은행의 역할을 조율하는 업무를 맡고 있어	Yes	□ 소규모 사업자 외에 면허를 받아야 하는 사업자는 육상교통청에 통행 및 운전자 관련 자료를 제출하여 야 하며, 육상교통청은 위반행위나 안전사고에 관한 사업자의 보고 의무와 조치 방안 등을 포함한 사업자 준수규범을 마련할 수 있음 □ 육상교통청은 결함이 있거나 위험성이 있는 자동차 모델의 사용을 금지하는 등 필요한 경우 모든 사업자(면허가 불필요한 소규모 	분야 상이/상식성/중복 (1차 판정 기준 동일 적용)
X	natua_yes_no_finance-6794175_k2	0.0474	yes_no	재무부는 금융위기가 발생했을 때 금융 감독당국과 중앙은행의 역할을 조율하는 업무를 맡고 있어	Yes	□ 소규모 사업자 외에 면허를 받아야 하는 사업자는 육상교통청에 통행 및 운전자 관련 자료를 제출하여 야 하며, 육상교통청은 위반행위나 안전사고에 관한 사업자의 보고 의무와 조치 방안 등을 포함한 사업자 준수규범을 마련할 수 있음 □ 육상교통청은 결함이 있거나 위험성이 있는 자동차 모델의 사용을 금지하는 등 필요한 경우 모든 사업자(면허가 불필요한 소규모 	분야 상이/상식성/중복 (1차 판정 기준 동일 적용)
X	natua_yes_no_finance-6795874_k3	0.0473	yes_no	가계가 스스로 소비하기 위한 집안에서의 작업들이 생산의 범위에는 내포되어 있니	No	(3) 금융안정협의기구 설치 한국은행 및 기획재정부, 금융위원회가 각각 금융 안정 목표와 정책수단을 분담하고 있는 상황이므로 금융 안정이라는 공동의 목표를 달성하기 위하여 각 기관이 참여하는 금융 안정협의기구를 구성하여 설치할 필요가 있다. 금융 안정협의기구는 각 기관의 금융 안정 관련 정보를 교환하고, 정책을 협의하는 기능을 수행하여야 할 것이다. 금융 	분야 상이/상식성/중복 (1차 판정 기준 동일 적용)
X	natua_yes_no_finance-7212504_k2	0.0473	yes_no	경기도에서 지방으로 이전하는 모습이 전통 제조업에서 나타났지	Yes	1. 제정 배경과 경과 (1) 제정 배경 □ 싱가포르에서는 지점 간 여객운송(택시+승차공유, point-to-point passenger transport)이 크게 변화하면서 이에 대응하기 위하여 새로운 규제 프레임워크를 도입할 필요성이 제기됨 ○ 과거(2013년 이전)에는 지점 간 여객운송이 28,000여대의 택시만으로 주로 이루어졌고 관련 사업도 택시운	분야 상이/상식성/중복 (1차 판정 기준 동일 적용)
X	natua_yes_no_finance-7212504_k3	0.0473	yes_no	경기도에서 지방으로 이전하는 모습이 전통 제조업에서 나타났지	Yes	1. 제정 배경과 경과 (1) 제정 배경 □ 싱가포르에서는 지점 간 여객운송(택시+승차공유, point-to-point passenger transport)이 크게 변화하면서 이에 대응하기 위하여 새로운 규제 프레임워크를 도입할 필요성이 제기됨 ○ 과거(2013년 이전)에는 지점 간 여객운송이 28,000여대의 택시만으로 주로 이루어졌고 관련 사업도 택시운	분야 상이/상식성/중복 (1차 판정 기준 동일 적용)
X	natua_yes_no_finance-6390527_k3	0.0471	yes_no	심사에서 학교운영위원이 차지하는 비중은 개정된 교장공모제 심사단계에 따라 절반으로 감소했어	Yes	□ 한국은행은 지난 3월 30일부터 약 한달간 일반 국민들과 소통의 폭을 넓혀 나가기 위하여 처음으로 ｢한국은행 스토리텔링｣을 공모하였음     ㅇ 공모내용은 한국은행과 관련한 미담이나 체험담을 600자 내외로 엮은 스토리임 □ 공모 결과 전국 각지에서 총 196명이 응모하였으며, 1차 심사에서 100편의 후보작을 뽑은 후 외부 심사위원이 포함된 2차 심사	분야 상이/상식성/중복 (1차 판정 기준 동일 적용)
O	natua_yes_no_finance-7021991_k1	0.047	yes_no	노숙인자활시설 이용현황에 관한 보고가 매달 1회로 강화되는 쪽으로 노숙인복지법 시행규칙이 바뀌지	No	노인장기요양보험법 시행령 일부개정령(안) 입법예고 1. 개정사유 특별현금급여가 다른 금원과 섞이면서 해당 통장이 압류되는 경우 특별현금급여와 이를 받을 권리가 침해되는 것을 방지해 노인과 그 가족의 생활안정을 도모하려는 것을 목표로 「노인장기요양보험법」이 개정됨(법률 제14321호, 2016.12.2. 개정)에 따라 특별현금급여계좌 신청 방법·절차 및 관리	시행규칙↔시행령·답 부재 (124 중복의 우량판)
X	natua_yes_no_finance-7021991_k2	0.047	yes_no	노숙인자활시설 이용현황에 관한 보고가 매달 1회로 강화되는 쪽으로 노숙인복지법 시행규칙이 바뀌지	No	노인장기요양보험법 시행령 일부개정령(안) 입법예고 1. 개정사유 특별현금급여가 다른 금원과 섞이면서 해당 통장이 압류되는 경우 특별현금급여와 이를 받을 권리가 침해되는 것을 방지해 노인과 그 가족의 생활안정을 도모하려는 것을 목표로 「노인장기요양보험법」이 개정됨(법률 제14321호, 2016.12.2. 개정)에 따라 특별현금급여계좌 신청 방법·절차 및 관리	분야 상이/상식성/중복 (1차 판정 기준 동일 적용)
X	natua_yes_no_finance-7462333_k1	0.0468	yes_no	임금은 삼 개월 정도의 단기간 휴직에 영향을 받을 수 있니	No	Ⅳ. 보완방안 1. 금융안정에 대한 측정지표 개발, 금융안정 책임에 관한 유관기관과의 MOU체결 및 금융안정협의기구 구성 추진 (1) 금융안정 측정지표 개발 금융안정을 측정하는 신뢰할 수 있는 측정 지표를 개발함으로써 금융안정을 위한 정책 방향 및 법적 책임을 명확하게 설정할 필요가 있다. 즉 금융 안정 측정지표를 개발하여 목표 인플레이션을 정하고 이를 달	분야 상이/상식성/중복 (1차 판정 기준 동일 적용)
X	natua_yes_no_finance-7462333_k2	0.0468	yes_no	임금은 삼 개월 정도의 단기간 휴직에 영향을 받을 수 있니	No	Ⅳ. 보완방안 1. 금융안정에 대한 측정지표 개발, 금융안정 책임에 관한 유관기관과의 MOU체결 및 금융안정협의기구 구성 추진 (1) 금융안정 측정지표 개발 금융안정을 측정하는 신뢰할 수 있는 측정 지표를 개발함으로써 금융안정을 위한 정책 방향 및 법적 책임을 명확하게 설정할 필요가 있다. 즉 금융 안정 측정지표를 개발하여 목표 인플레이션을 정하고 이를 달	분야 상이/상식성/중복 (1차 판정 기준 동일 적용)
X	natua_yes_no_finance-6794153_k1	0.0467	yes_no	한국은행이 금융 안정을 목적으로 해야 한다는 내용이 한국은행 법에 명시되어 있어	Yes	(3) 승객과 운전자의 안전 보장 조치 □ 모든 사업자(면허가 불필요한 소규모 사업자 포함)는 해당 차량 운행에 필요한 직업면허를 갖춘 운전자와 보험에 가입하고 차량 검사에 합격한 차량만을 활용하여 직접 차량을 운행하거나 예약을 중개할 수 있으며, 이를 위반하는 사업자에 대해서는 육상교통청이 운전자들에게 그 사업자를 위하여 운전하는 것을 금지할 수 있음 ○	분야 상이/상식성/중복 (1차 판정 기준 동일 적용)
X	natua_yes_no_finance-7021990_k1	0.0466	yes_no	노숙인복지법 시행규칙 개정으로 노숙인자활시설 이용현황에 대한 보고가 월 1회로 강화되니	No	셋째, 한국은행의 목적을 규정한 한국은행 법의 목적 조항(제1조)에서 금융 안정에 유의하여야 함을 규정하고 있다는 사실이다. 또한 이와 같이 목적 조항을 개정함과 동시에 이를 뒷받침하기 위하여 긴급 유동성 지원 제도 개편, 공개시장조작 방식에 증권 대차 추가, 지급준비금 적립 대상 채무 확대 등의 개정이 이루어진 사실도 금융 안정이 한국은행의 목적의 하나임	분야 상이/상식성/중복 (1차 판정 기준 동일 적용)
X	natua_yes_no_finance-7021990_k2	0.0466	yes_no	노숙인복지법 시행규칙 개정으로 노숙인자활시설 이용현황에 대한 보고가 월 1회로 강화되니	No	셋째, 한국은행의 목적을 규정한 한국은행 법의 목적 조항(제1조)에서 금융 안정에 유의하여야 함을 규정하고 있다는 사실이다. 또한 이와 같이 목적 조항을 개정함과 동시에 이를 뒷받침하기 위하여 긴급 유동성 지원 제도 개편, 공개시장조작 방식에 증권 대차 추가, 지급준비금 적립 대상 채무 확대 등의 개정이 이루어진 사실도 금융 안정이 한국은행의 목적의 하나임	분야 상이/상식성/중복 (1차 판정 기준 동일 적용)
X	natua_yes_no_finance-7476330_k3	0.0463	yes_no	금융 감독당국이 금융업무에 관한 규정을 위반했을 때 인허가를 철회할 수도 있니	Yes	(3) 승객과 운전자의 안전 보장 조치 □ 모든 사업자(면허가 불필요한 소규모 사업자 포함)는 해당 차량 운행에 필요한 직업면허를 갖춘 운전자와 보험에 가입하고 차량 검사에 합격한 차량만을 활용하여 직접 차량을 운행하거나 예약을 중개할 수 있으며, 이를 위반하는 사업자에 대해서는 육상교통청이 운전자들에게 그 사업자를 위하여 운전하는 것을 금지할 수 있음 ○	분야 상이/상식성/중복 (1차 판정 기준 동일 적용)
X	natua_yes_no_finance-6794161_k1	0.0462	yes_no	금융 안전과 연관된 기관 사이의 협력 절차가 명시된 양해각서의 필요성이 있어	Yes	□ 시사점 ◦ 우리나라도 싱가포르의 정책 사례를 참고하여 ① 스마트폰 애플리케이션을 활용한 서비스 도입 등 여객운송 산업에서 지금까지 나타난 변화에 대응하고 자율주행자동차의 등장 등 앞으로 다가올 더 큰 변화에 효과적으로 대응할 수 있도록 새로운 여객운송 정책 체계를 마련하고 ② 그 과정에서 정책 당사자의 소통과 협력을 통하여 정책 수립의 효율성 및 신뢰성	분야 상이/상식성/중복 (1차 판정 기준 동일 적용)
X	natua_yes_no_finance-7021991_k3	0.0462	yes_no	노숙인자활시설 이용현황에 관한 보고가 매달 1회로 강화되는 쪽으로 노숙인복지법 시행규칙이 바뀌지	No	「보건복지부와 그 소속기관 직제 시행규칙」일부개정령(안) 입법예고 1. 개정이유 김포공항의 새로운 검역수요에 대응하기 위하여 검역인력 명(8급1)을 증원하여 시간선택제공무원으로 충원토록 하는 한편, 생명윤리 기능과 공공의료 기능간 업무 연계성 강화를 위하여 보건산업정책국 소관이던 생명윤리 기능을 보건의료정책실로 소관을 변경하는 내용으로「보건복지부와 그 소속	분야 상이/상식성/중복 (1차 판정 기준 동일 적용)
O	natua_yes_no_finance-6437823_k1	0.046	yes_no	도로교통법에는 승차공유 차량의 정기검사와 관련된 규제가 포함되어 있지 않아	No	(3) 태국은행법은 금융제도의 안정과 지급시스템 안정을 통화안정과 함께 태국은행의 목적으로 명시하고, 지급시스템의 설치 및 설치의 지원, 금융기관 감독 및 검사, 환율 및 외환준비금 관리 등의 업무를 수행할 수 있음을 규정하고 있다. 태국은행법 제7조 : 태국은행의 목적은 통화안정, 금융제도의 안정 및 지급시스템 안정을 위하여 중앙은행업에 관련 된 업무를 	해외법제↔해외법제·답 부재
X	natua_yes_no_finance-6437823_k2	0.046	yes_no	도로교통법에는 승차공유 차량의 정기검사와 관련된 규제가 포함되어 있지 않아	No	(3) 태국은행법은 금융제도의 안정과 지급시스템 안정을 통화안정과 함께 태국은행의 목적으로 명시하고, 지급시스템의 설치 및 설치의 지원, 금융기관 감독 및 검사, 환율 및 외환준비금 관리 등의 업무를 수행할 수 있음을 규정하고 있다. 태국은행법 제7조 : 태국은행의 목적은 통화안정, 금융제도의 안정 및 지급시스템 안정을 위하여 중앙은행업에 관련 된 업무를 	분야 상이/상식성/중복 (1차 판정 기준 동일 적용)
X	natua_yes_no_finance-7021990_k3	0.0457	yes_no	노숙인복지법 시행규칙 개정으로 노숙인자활시설 이용현황에 대한 보고가 월 1회로 강화되니	No	금융위원회와 그 소속기관 직제 시행규칙 일부개정령(안) 입법예고 1. 개정이유 신용정보회사 등의 관리 강화를 위하여 필요한 인력 1명(5급 1명)을 증원하고, 인력 관리의 효율성을 높이기 위하여 금융위원회 인력 1명(기록연구사 1명)을 금융정보분석원으로 재배정하는 것으로「금융위원회와 그 소속기관 직제」(대통령령 제00000호, 2016. 00. 00. 공포	분야 상이/상식성/중복 (1차 판정 기준 동일 적용)
X	natua_yes_no_finance-7212442_k1	0.0457	yes_no	연령별 고용률의 변화에 학력 그룹이 영향을 미치고 있지	Yes	□ 제정 배경과 경과 ◦ 싱가포르에서는 기존의 택시 위주 규제 체계로는 승차공유의 등장과 스마트폰을 활용한 예약 서비스 도입 등 지점 간 여객운송(택시+승차공유)의 변화에 대응하기 어렵다는 점이 지적되면서 「지점 간 여객운송사업법 2019」를 제정하고 새로운 규제 프레임워크를 도입함 ◦ 해당 법률은 2019년 8월 싱가포르 국회를 통과하여 2020년 시행을	분야 상이/상식성/중복 (1차 판정 기준 동일 적용)
X	natua_yes_no_finance-7212442_k2	0.0457	yes_no	연령별 고용률의 변화에 학력 그룹이 영향을 미치고 있지	Yes	□ 제정 배경과 경과 ◦ 싱가포르에서는 기존의 택시 위주 규제 체계로는 승차공유의 등장과 스마트폰을 활용한 예약 서비스 도입 등 지점 간 여객운송(택시+승차공유)의 변화에 대응하기 어렵다는 점이 지적되면서 「지점 간 여객운송사업법 2019」를 제정하고 새로운 규제 프레임워크를 도입함 ◦ 해당 법률은 2019년 8월 싱가포르 국회를 통과하여 2020년 시행을	분야 상이/상식성/중복 (1차 판정 기준 동일 적용)
O	natua_yes_no_finance-6794153_k2	0.0456	yes_no	한국은행이 금융 안정을 목적으로 해야 한다는 내용이 한국은행 법에 명시되어 있어	Yes	노인장기요양보험법 시행령 일부개정령(안) 입법예고 1. 개정사유 특별현금급여가 다른 금원과 섞이면서 해당 통장이 압류되는 경우 특별현금급여와 이를 받을 권리가 침해되는 것을 방지해 노인과 그 가족의 생활안정을 도모하려는 것을 목표로 「노인장기요양보험법」이 개정됨(법률 제14321호, 2016.12.2. 개정)에 따라 특별현금급여계좌 신청 방법·절차 및 관리	한국은행법 특정·법령장르·답 부재 (모델 상식 가능성만 유의)
X	natua_yes_no_finance-6794153_k3	0.0456	yes_no	한국은행이 금융 안정을 목적으로 해야 한다는 내용이 한국은행 법에 명시되어 있어	Yes	노인장기요양보험법 시행령 일부개정령(안) 입법예고 1. 개정사유 특별현금급여가 다른 금원과 섞이면서 해당 통장이 압류되는 경우 특별현금급여와 이를 받을 권리가 침해되는 것을 방지해 노인과 그 가족의 생활안정을 도모하려는 것을 목표로 「노인장기요양보험법」이 개정됨(법률 제14321호, 2016.12.2. 개정)에 따라 특별현금급여계좌 신청 방법·절차 및 관리	분야 상이/상식성/중복 (1차 판정 기준 동일 적용)
X	natua_yes_no_finance-7765751_k3	0.0456	yes_no	2010년의 여성 고용률과 출산율은 경기도에서 다른 지역보다 낮은 수치를 보였니	Yes	교장공모제는 교장 임용 다양화정책의 일환으로 기존의 교장승진제도와 초빙교장제의 한계를 극복하고 학교와 지역 발전을 촉진할 수 있는 교장을 임용하기 위한 차원에서 도입되었다. 그간의 경위를 보면, 2005년 11월 교육인적자원부는 ‘교장초빙ㆍ공모제 시범운영 추진계획’을 마련하였고, 대통령자문 교육혁신위원회가 개선방안을 구상하였다. 그리고 2007년 4월에는 	분야 상이/상식성/중복 (1차 판정 기준 동일 적용)
X	natua_yes_no_finance-6794143_k1	0.0453	yes_no	영란은행은 다른 기관과 협력하지 않고 독자적으로 금융안정을 이뤄가야 해	No	(2) 대규모 PHCB사업자 면허 의무화 등 면허 체계 개편 □ 차량과 사업 종류에 따른 기존의 면허 체계를 제공하는 서비스에 따른 새로운 면허 체계로 개편하고, 기존에는 관련 면허 제도가 없어 면허 취득 의무가 없었던 PHCB사업자 중 플랫폼에 등록된 차량이 800대 이상인 대규모 PHCB사업자에게도 해당 영업면허 취득을 의무화함 ○ 기존에는 택시운영사업	분야 상이/상식성/중복 (1차 판정 기준 동일 적용)
X	natua_yes_no_finance-6477456_k3	0.0453	yes_no	국민소득은 통계상으로 확인할 때 추산방법이나 참고자료에 따라 같지 않을 가능성이 있어	Yes	(2) 공정성과 참여확대 동시 추구 학부모와 교사 등 단위학교 구성원의 참여를 실질적으로 확대시킬 수 있는 방안을 모색할 필요가 있다. 학교 심사위원회가 적임자가 아니라고 판단할 경우는 2단계의 심사대상자로 추천하지 않는 것도 방안이 될 수 있다. 공정성을 강화하기 위한다는 구실로 단위학교의 참여를 크게 제한하는 방식은 설득력이 그리 높지 않다. 교과부가 	분야 상이/상식성/중복 (1차 판정 기준 동일 적용)
X	natua_yes_no_finance-7212457_k2	0.0453	yes_no	지역 노동시장이 가진 전반적인 특징에 여성 고용률이 영향을 받고 있을까	Yes	〈참고 2〉 외국의 금융안정 책임관계 관련 MOU의 주요내용 (가) 영국 ① 영란은행은 금융시스템의 전반적인 안정성 유지에 기여함을 목적으로 하며, 책임의 내용은 다음과 같다. 첫째, 통화정책으로 통화시스템의 안정성을 확보한다. 특히 유동성의 변동에 대처한다. 둘째, 주요 금융 시스템 인프라의 안정성을 감시하고, 이에 대하여 재무부 장관에게 조언하고 자문한	분야 상이/상식성/중복 (1차 판정 기준 동일 적용)
X	natua_yes_no_finance-7212457_k3	0.0453	yes_no	지역 노동시장이 가진 전반적인 특징에 여성 고용률이 영향을 받고 있을까	Yes	〈참고 2〉 외국의 금융안정 책임관계 관련 MOU의 주요내용 (가) 영국 ① 영란은행은 금융시스템의 전반적인 안정성 유지에 기여함을 목적으로 하며, 책임의 내용은 다음과 같다. 첫째, 통화정책으로 통화시스템의 안정성을 확보한다. 특히 유동성의 변동에 대처한다. 둘째, 주요 금융 시스템 인프라의 안정성을 감시하고, 이에 대하여 재무부 장관에게 조언하고 자문한	분야 상이/상식성/중복 (1차 판정 기준 동일 적용)
X	natua_yes_no_finance-7212446_k1	0.0451	yes_no	여자에 비해 남자가 비취업자 중 이전에 직장에서 근무했던 경험이 더 많지	No	(2) 대규모 PHCB사업자 면허 의무화 등 면허 체계 개편 □ 차량과 사업 종류에 따른 기존의 면허 체계를 제공하는 서비스에 따른 새로운 면허 체계로 개편하고, 기존에는 관련 면허 제도가 없어 면허 취득 의무가 없었던 PHCB사업자 중 플랫폼에 등록된 차량이 800대 이상인 대규모 PHCB사업자에게도 해당 영업면허 취득을 의무화함 ○ 기존에는 택시운영사업	분야 상이/상식성/중복 (1차 판정 기준 동일 적용)
X	natua_yes_no_finance-6794175_k3	0.0449	yes_no	재무부는 금융위기가 발생했을 때 금융 감독당국과 중앙은행의 역할을 조율하는 업무를 맡고 있어	Yes	(3) 승객과 운전자의 안전 보장 조치 □ 모든 사업자(면허가 불필요한 소규모 사업자 포함)는 해당 차량 운행에 필요한 직업면허를 갖춘 운전자와 보험에 가입하고 차량 검사에 합격한 차량만을 활용하여 직접 차량을 운행하거나 예약을 중개할 수 있으며, 이를 위반하는 사업자에 대해서는 육상교통청이 운전자들에게 그 사업자를 위하여 운전하는 것을 금지할 수 있음 ○	분야 상이/상식성/중복 (1차 판정 기준 동일 적용)
X	natua_yes_no_finance-6390522_k1	0.0449	yes_no	서울 내 교장 선출이 필요한 일부 학교에서 초빙형 교장공모제를 시행했어	No	보육 서비스의 공급 측면에서 보육 보조교사 확보함으로써 보육시간을 연장 운영하는 방안은 영유아 보육경험이 있는 중장년층 여성의 시간제 일자리를 창출한다는 점에서 여성 고용 증진에 기여할 것으로 기대된다. 또한 기존 보육시설의 활용도를 최대한 높일 여지가 있는 것으로 보인다. 수요조사를 바탕으로 필요한 경우 기존 지자체 소속 어린이집의 수용규모를 확대하고 이	분야 상이/상식성/중복 (1차 판정 기준 동일 적용)
X	natua_yes_no_finance-6437815_k1	0.0448	yes_no	자율주행자동차의 출현에 대응하기 위해서 참조할 만한 건 싱가포르의 정책 사례지	Yes	Ⅳ. 보완방안 1. 금융안정에 대한 측정지표 개발, 금융안정 책임에 관한 유관기관과의 MOU체결 및 금융안정협의기구 구성 추진 (1) 금융안정 측정지표 개발 금융안정을 측정하는 신뢰할 수 있는 측정 지표를 개발함으로써 금융안정을 위한 정책 방향 및 법적 책임을 명확하게 설정할 필요가 있다. 즉 금융 안정 측정지표를 개발하여 목표 인플레이션을 정하고 이를 달	분야 상이/상식성/중복 (1차 판정 기준 동일 적용)
X	natua_yes_no_finance-6437815_k2	0.0448	yes_no	자율주행자동차의 출현에 대응하기 위해서 참조할 만한 건 싱가포르의 정책 사례지	Yes	Ⅳ. 보완방안 1. 금융안정에 대한 측정지표 개발, 금융안정 책임에 관한 유관기관과의 MOU체결 및 금융안정협의기구 구성 추진 (1) 금융안정 측정지표 개발 금융안정을 측정하는 신뢰할 수 있는 측정 지표를 개발함으로써 금융안정을 위한 정책 방향 및 법적 책임을 명확하게 설정할 필요가 있다. 즉 금융 안정 측정지표를 개발하여 목표 인플레이션을 정하고 이를 달	분야 상이/상식성/중복 (1차 판정 기준 동일 적용)
X	natua_yes_no_finance-6794161_k2	0.0447	yes_no	금융 안전과 연관된 기관 사이의 협력 절차가 명시된 양해각서의 필요성이 있어	Yes	□ 지금까지의 변화에 대응하고 자율주행자동차의 등장이나 교통수단 간 연계 강화 등 앞으로 다가올 더 큰 변화를 받아들일 수 있도록, 제공되는 서비스에 기반하여 규제 체계를 개편한 싱가포르의 사례를 참고하여 새로운 여객운송 정책 체계 마련을 검토해볼 필요성이 있음 ○ 특히 대규모 PHCB사업자에 대하여도 해당 영업면허 취득 위무를 부과하는 등 여객운송 산업에	분야 상이/상식성/중복 (1차 판정 기준 동일 적용)
X	natua_yes_no_finance-6437822_k1	0.0447	yes_no	싱가포르는 2019년에 도로교통법을 제정해서 PHCB사업 등 새로운 여객운송의 흐름에 대처하려 했지	No	한편 중앙은행법상 중앙은행의 금융안정 목적을 기술하는 유형은 3가지로 분류할 수 있다. ①제1유형 : 중앙은행법에 중앙은행의 목적으로서 금융안정을 직접 규정하고 중앙은행의 관련 기능을 명시한 경우 (중국, 말레이시아, 태국등) ②제2유형 : 금융제도의 발달 등 추상적, 포괄적 목적과 함께 여러가지 금융안정 관련 기능을 수행함을 명시한 경우 (멕시코, 싱가포	분야 상이/상식성/중복 (1차 판정 기준 동일 적용)
X	natua_yes_no_finance-6437822_k2	0.0447	yes_no	싱가포르는 2019년에 도로교통법을 제정해서 PHCB사업 등 새로운 여객운송의 흐름에 대처하려 했지	No	한편 중앙은행법상 중앙은행의 금융안정 목적을 기술하는 유형은 3가지로 분류할 수 있다. ①제1유형 : 중앙은행법에 중앙은행의 목적으로서 금융안정을 직접 규정하고 중앙은행의 관련 기능을 명시한 경우 (중국, 말레이시아, 태국등) ②제2유형 : 금융제도의 발달 등 추상적, 포괄적 목적과 함께 여러가지 금융안정 관련 기능을 수행함을 명시한 경우 (멕시코, 싱가포	분야 상이/상식성/중복 (1차 판정 기준 동일 적용)
X	natua_yes_no_finance-6794161_k3	0.0446	yes_no	금융 안전과 연관된 기관 사이의 협력 절차가 명시된 양해각서의 필요성이 있어	Yes	□ 소규모 사업자 외에 면허를 받아야 하는 사업자는 육상교통청에 통행 및 운전자 관련 자료를 제출하여 야 하며, 육상교통청은 위반행위나 안전사고에 관한 사업자의 보고 의무와 조치 방안 등을 포함한 사업자 준수규범을 마련할 수 있음 □ 육상교통청은 결함이 있거나 위험성이 있는 자동차 모델의 사용을 금지하는 등 필요한 경우 모든 사업자(면허가 불필요한 소규모 	분야 상이/상식성/중복 (1차 판정 기준 동일 적용)
X	natua_yes_no_finance-6437820_k1	0.0445	yes_no	승객은 따로 예약하지 않아도 싱가포르의 모든 택시에 탈 수 있지	No	한편 중앙은행법상 중앙은행의 금융안정 목적을 기술하는 유형은 3가지로 분류할 수 있다. ①제1유형 : 중앙은행법에 중앙은행의 목적으로서 금융안정을 직접 규정하고 중앙은행의 관련 기능을 명시한 경우 (중국, 말레이시아, 태국등) ②제2유형 : 금융제도의 발달 등 추상적, 포괄적 목적과 함께 여러가지 금융안정 관련 기능을 수행함을 명시한 경우 (멕시코, 싱가포	분야 상이/상식성/중복 (1차 판정 기준 동일 적용)
X	natua_yes_no_finance-6437820_k2	0.0445	yes_no	승객은 따로 예약하지 않아도 싱가포르의 모든 택시에 탈 수 있지	No	한편 중앙은행법상 중앙은행의 금융안정 목적을 기술하는 유형은 3가지로 분류할 수 있다. ①제1유형 : 중앙은행법에 중앙은행의 목적으로서 금융안정을 직접 규정하고 중앙은행의 관련 기능을 명시한 경우 (중국, 말레이시아, 태국등) ②제2유형 : 금융제도의 발달 등 추상적, 포괄적 목적과 함께 여러가지 금융안정 관련 기능을 수행함을 명시한 경우 (멕시코, 싱가포	분야 상이/상식성/중복 (1차 판정 기준 동일 적용)
X	natua_yes_no_finance-6437842_k1	0.0445	yes_no	당사자를 배제한 규제 관련 대책을 일방적으로 시행한 건 싱가포르야	No	한편 중앙은행법상 중앙은행의 금융안정 목적을 기술하는 유형은 3가지로 분류할 수 있다. ①제1유형 : 중앙은행법에 중앙은행의 목적으로서 금융안정을 직접 규정하고 중앙은행의 관련 기능을 명시한 경우 (중국, 말레이시아, 태국등) ②제2유형 : 금융제도의 발달 등 추상적, 포괄적 목적과 함께 여러가지 금융안정 관련 기능을 수행함을 명시한 경우 (멕시코, 싱가포	분야 상이/상식성/중복 (1차 판정 기준 동일 적용)
X	natua_yes_no_finance-6437842_k2	0.0445	yes_no	당사자를 배제한 규제 관련 대책을 일방적으로 시행한 건 싱가포르야	No	한편 중앙은행법상 중앙은행의 금융안정 목적을 기술하는 유형은 3가지로 분류할 수 있다. ①제1유형 : 중앙은행법에 중앙은행의 목적으로서 금융안정을 직접 규정하고 중앙은행의 관련 기능을 명시한 경우 (중국, 말레이시아, 태국등) ②제2유형 : 금융제도의 발달 등 추상적, 포괄적 목적과 함께 여러가지 금융안정 관련 기능을 수행함을 명시한 경우 (멕시코, 싱가포	분야 상이/상식성/중복 (1차 판정 기준 동일 적용)
X	natua_yes_no_finance-7688693_k1	0.0444	yes_no	멕시코은행법은 여러 가지 금융안정과 관련된 역할 수행을 명시하고 있니	Yes	3. 시사점 (1) 여객운송 산업의 변화에 대응할 수 있는 정책 체계 마련 필요 □ 우리나라 역시 다른 나라와 마찬가지로 여객운송 산업에서 큰 변화를 맞이하고 있어 기존 정책만으로 변화에 대응하는 데 어려움을 겪고 있음 ○ 우리나라의 지점 간 여객운송 산업은 최근 기존의 법제도를 적용하기 곤란한 우버 등 승차공유, 카카오택시 등 스마트폰 애플리케이션을 활용	분야 상이/상식성/중복 (1차 판정 기준 동일 적용)
X	natua_yes_no_finance-7420348_k1	0.0444	yes_no	금융 감독당국이 공제조합과 신용조합의 인허가와 건전성 관련 감독은 담당하고 있지	Yes	□ 소규모 사업자 외에 면허를 받아야 하는 사업자는 육상교통청에 통행 및 운전자 관련 자료를 제출하여 야 하며, 육상교통청은 위반행위나 안전사고에 관한 사업자의 보고 의무와 조치 방안 등을 포함한 사업자 준수규범을 마련할 수 있음 □ 육상교통청은 결함이 있거나 위험성이 있는 자동차 모델의 사용을 금지하는 등 필요한 경우 모든 사업자(면허가 불필요한 소규모 	분야 상이/상식성/중복 (1차 판정 기준 동일 적용)
X	natua_yes_no_finance-7420348_k2	0.0444	yes_no	금융 감독당국이 공제조합과 신용조합의 인허가와 건전성 관련 감독은 담당하고 있지	Yes	□ 소규모 사업자 외에 면허를 받아야 하는 사업자는 육상교통청에 통행 및 운전자 관련 자료를 제출하여 야 하며, 육상교통청은 위반행위나 안전사고에 관한 사업자의 보고 의무와 조치 방안 등을 포함한 사업자 준수규범을 마련할 수 있음 □ 육상교통청은 결함이 있거나 위험성이 있는 자동차 모델의 사용을 금지하는 등 필요한 경우 모든 사업자(면허가 불필요한 소규모 	분야 상이/상식성/중복 (1차 판정 기준 동일 적용)
X	natua_yes_no_finance-6390526_k1	0.0443	yes_no	교장공모제의 변경된 심사단계에 의하면 학교운영위원이 심사에 참가하는 비중이 50퍼센트나 감소했어	Yes	2. 경기도 청년층 고용동향과 문제점 1) 인구추이 및 경제활동참가율 □ 청년층 인구의 비중감소 및 절대감소 단계 진입 ○ 2013년 기준, 경기도의 청년층(15-29세) 인구규모는 2,422명으로 경기도 총인구(12,081명) 대비 20.0%를 차지하고 있으며, 최근 5년간 1.5%가 증가하여 경기도 평균 증가율(7.5%)에 크게 미달하는 수준 – 하지만	분야 상이/상식성/중복 (1차 판정 기준 동일 적용)
X	natua_yes_no_finance-6390526_k2	0.0443	yes_no	교장공모제의 변경된 심사단계에 의하면 학교운영위원이 심사에 참가하는 비중이 50퍼센트나 감소했어	Yes	2. 경기도 청년층 고용동향과 문제점 1) 인구추이 및 경제활동참가율 □ 청년층 인구의 비중감소 및 절대감소 단계 진입 ○ 2013년 기준, 경기도의 청년층(15-29세) 인구규모는 2,422명으로 경기도 총인구(12,081명) 대비 20.0%를 차지하고 있으며, 최근 5년간 1.5%가 증가하여 경기도 평균 증가율(7.5%)에 크게 미달하는 수준 – 하지만	분야 상이/상식성/중복 (1차 판정 기준 동일 적용)
X	natua_yes_no_finance-7212442_k3	0.044	yes_no	연령별 고용률의 변화에 학력 그룹이 영향을 미치고 있지	Yes	□ 시사점 ◦ 우리나라도 싱가포르의 정책 사례를 참고하여 ① 스마트폰 애플리케이션을 활용한 서비스 도입 등 여객운송 산업에서 지금까지 나타난 변화에 대응하고 자율주행자동차의 등장 등 앞으로 다가올 더 큰 변화에 효과적으로 대응할 수 있도록 새로운 여객운송 정책 체계를 마련하고 ② 그 과정에서 정책 당사자의 소통과 협력을 통하여 정책 수립의 효율성 및 신뢰성	분야 상이/상식성/중복 (1차 판정 기준 동일 적용)
X	natua_yes_no_finance-7212423_k2	0.0438	yes_no	가구주들이 안정적인 고용을 선호하는 현상이 더 크게 나타난 곳은 수도권일까	Yes	(3) 금융안정협의기구 설치 한국은행 및 기획재정부, 금융위원회가 각각 금융 안정 목표와 정책수단을 분담하고 있는 상황이므로 금융 안정이라는 공동의 목표를 달성하기 위하여 각 기관이 참여하는 금융 안정협의기구를 구성하여 설치할 필요가 있다. 금융 안정협의기구는 각 기관의 금융 안정 관련 정보를 교환하고, 정책을 협의하는 기능을 수행하여야 할 것이다. 금융 	분야 상이/상식성/중복 (1차 판정 기준 동일 적용)
X	natua_yes_no_finance-7212423_k3	0.0438	yes_no	가구주들이 안정적인 고용을 선호하는 현상이 더 크게 나타난 곳은 수도권일까	Yes	(3) 금융안정협의기구 설치 한국은행 및 기획재정부, 금융위원회가 각각 금융 안정 목표와 정책수단을 분담하고 있는 상황이므로 금융 안정이라는 공동의 목표를 달성하기 위하여 각 기관이 참여하는 금융 안정협의기구를 구성하여 설치할 필요가 있다. 금융 안정협의기구는 각 기관의 금융 안정 관련 정보를 교환하고, 정책을 협의하는 기능을 수행하여야 할 것이다. 금융 	분야 상이/상식성/중복 (1차 판정 기준 동일 적용)
X	natua_yes_no_finance-6437820_k3	0.0436	yes_no	승객은 따로 예약하지 않아도 싱가포르의 모든 택시에 탈 수 있지	No	(2) 공정성과 참여확대 동시 추구 학부모와 교사 등 단위학교 구성원의 참여를 실질적으로 확대시킬 수 있는 방안을 모색할 필요가 있다. 학교 심사위원회가 적임자가 아니라고 판단할 경우는 2단계의 심사대상자로 추천하지 않는 것도 방안이 될 수 있다. 공정성을 강화하기 위한다는 구실로 단위학교의 참여를 크게 제한하는 방식은 설득력이 그리 높지 않다. 교과부가 	분야 상이/상식성/중복 (1차 판정 기준 동일 적용)
X	natua_yes_no_finance-7161948_k3	0.0435	yes_no	위험자산을 은행 관련기관이 계열 기업에게 받는 게 허용되어 있어	No	(3) 태국은행법은 금융제도의 안정과 지급시스템 안정을 통화안정과 함께 태국은행의 목적으로 명시하고, 지급시스템의 설치 및 설치의 지원, 금융기관 감독 및 검사, 환율 및 외환준비금 관리 등의 업무를 수행할 수 있음을 규정하고 있다. 태국은행법 제7조 : 태국은행의 목적은 통화안정, 금융제도의 안정 및 지급시스템 안정을 위하여 중앙은행업에 관련 된 업무를 	분야 상이/상식성/중복 (1차 판정 기준 동일 적용)
X	natua_yes_no_finance-7212420_k1	0.0435	yes_no	남성에 비해 여성이 비수도권과 수도권의 정규직이 더 많은 성별이지	No	□ 시사점 ◦ 우리나라도 싱가포르의 정책 사례를 참고하여 ① 스마트폰 애플리케이션을 활용한 서비스 도입 등 여객운송 산업에서 지금까지 나타난 변화에 대응하고 자율주행자동차의 등장 등 앞으로 다가올 더 큰 변화에 효과적으로 대응할 수 있도록 새로운 여객운송 정책 체계를 마련하고 ② 그 과정에서 정책 당사자의 소통과 협력을 통하여 정책 수립의 효율성 및 신뢰성	분야 상이/상식성/중복 (1차 판정 기준 동일 적용)
X	natua_yes_no_finance-6794132_k3	0.0433	yes_no	중국인민은행에서는 중국의 통화정책을 수립하고 집행하는 것을 담당하니	Yes	□ 시사점 ◦ 우리나라도 싱가포르의 정책 사례를 참고하여 ① 스마트폰 애플리케이션을 활용한 서비스 도입 등 여객운송 산업에서 지금까지 나타난 변화에 대응하고 자율주행자동차의 등장 등 앞으로 다가올 더 큰 변화에 효과적으로 대응할 수 있도록 새로운 여객운송 정책 체계를 마련하고 ② 그 과정에서 정책 당사자의 소통과 협력을 통하여 정책 수립의 효율성 및 신뢰성	분야 상이/상식성/중복 (1차 판정 기준 동일 적용)
X	natua_yes_no_finance-6794152_k1	0.0433	yes_no	한은의 목적과 관련된 사항이 한은 법에 기록되어 있니	Yes	(2) 대규모 PHCB사업자 면허 의무화 등 면허 체계 개편 □ 차량과 사업 종류에 따른 기존의 면허 체계를 제공하는 서비스에 따른 새로운 면허 체계로 개편하고, 기존에는 관련 면허 제도가 없어 면허 취득 의무가 없었던 PHCB사업자 중 플랫폼에 등록된 차량이 800대 이상인 대규모 PHCB사업자에게도 해당 영업면허 취득을 의무화함 ○ 기존에는 택시운영사업	분야 상이/상식성/중복 (1차 판정 기준 동일 적용)
X	natua_yes_no_finance-6437830_k1	0.0433	yes_no	육상교통청에 통행과 운전자의 정보를 고지해야 하는 건 소규모 사업자에 해당하지	No	(3) 금융안정협의기구 설치 한국은행 및 기획재정부, 금융위원회가 각각 금융 안정 목표와 정책수단을 분담하고 있는 상황이므로 금융 안정이라는 공동의 목표를 달성하기 위하여 각 기관이 참여하는 금융 안정협의기구를 구성하여 설치할 필요가 있다. 금융 안정협의기구는 각 기관의 금융 안정 관련 정보를 교환하고, 정책을 협의하는 기능을 수행하여야 할 것이다. 금융 	분야 상이/상식성/중복 (1차 판정 기준 동일 적용)
X	natua_yes_no_finance-6437830_k2	0.0433	yes_no	육상교통청에 통행과 운전자의 정보를 고지해야 하는 건 소규모 사업자에 해당하지	No	(3) 금융안정협의기구 설치 한국은행 및 기획재정부, 금융위원회가 각각 금융 안정 목표와 정책수단을 분담하고 있는 상황이므로 금융 안정이라는 공동의 목표를 달성하기 위하여 각 기관이 참여하는 금융 안정협의기구를 구성하여 설치할 필요가 있다. 금융 안정협의기구는 각 기관의 금융 안정 관련 정보를 교환하고, 정책을 협의하는 기능을 수행하여야 할 것이다. 금융 	분야 상이/상식성/중복 (1차 판정 기준 동일 적용)
X	natua_yes_no_finance-6794163_k3	0.0431	yes_no	금융안정이라는 목적을 이루기 위해 금융 안정협의기구를 만들 필요성이 있어	Yes	(3) 승객과 운전자의 안전 보장 조치 □ 모든 사업자(면허가 불필요한 소규모 사업자 포함)는 해당 차량 운행에 필요한 직업면허를 갖춘 운전자와 보험에 가입하고 차량 검사에 합격한 차량만을 활용하여 직접 차량을 운행하거나 예약을 중개할 수 있으며, 이를 위반하는 사업자에 대해서는 육상교통청이 운전자들에게 그 사업자를 위하여 운전하는 것을 금지할 수 있음 ○	분야 상이/상식성/중복 (1차 판정 기준 동일 적용)
X	natua_yes_no_finance-6794177_k3	0.043	yes_no	노르웨이 중앙은행이 지급 결제 시스템과 연관된 위험을 제한하는 이유는 금융 불안정을 막기 위함일까	Yes	(2) 당사자 간 지속적인 소통과 협력을 통한 정책 마련 □ 우리나라에서는 현재 당사자들이 첨예하게 대립하고 있고, 정책 당사자의 참여를 통한 지속적인 소통과 협력이 이루어지지 못해 효과적인 정책의 수립·집행이 제한되고 있음 □ 싱가포르의 경우 새로운 규제 프레임워크를 도입하는 과정에 정책 당사자인 운전자, 택시협회, 승차공유차량협회, 사업자, 일반 국민이	분야 상이/상식성/중복 (1차 판정 기준 동일 적용)
X	natua_yes_no_finance-6437822_k3	0.043	yes_no	싱가포르는 2019년에 도로교통법을 제정해서 PHCB사업 등 새로운 여객운송의 흐름에 대처하려 했지	No	1차 및 2차 세계대전, 금본위제의 붕괴와 경제에 관한 정부 역할에 대한 시각 변화 등에 따라 20세기 초까지 중앙은행은 공공정책 기관으로 완전히 변신하였다. 중앙은행들은 새로운 통화질서를 관리하는 임무를 갖게 되었으며, 아직 중앙은행을 설립하지 않은 국가들은 국가 거시경제에서 핵심 역할을 하는 중앙은행의 설립을 촉구 받았으며, 많은 국가에서 중앙은행의 국	분야 상이/상식성/중복 (1차 판정 기준 동일 적용)
X	natua_yes_no_finance-6390535_k1	0.043	yes_no	공모절차는 단위학교 참여를 늘리겠단 교과부 발표 이후에 실제론 참여를 줄이는 방향으로 시행이 됐어	No	(2) 당사자 간 지속적인 소통과 협력을 통한 정책 마련 □ 우리나라에서는 현재 당사자들이 첨예하게 대립하고 있고, 정책 당사자의 참여를 통한 지속적인 소통과 협력이 이루어지지 못해 효과적인 정책의 수립·집행이 제한되고 있음 □ 싱가포르의 경우 새로운 규제 프레임워크를 도입하는 과정에 정책 당사자인 운전자, 택시협회, 승차공유차량협회, 사업자, 일반 국민이	분야 상이/상식성/중복 (1차 판정 기준 동일 적용)
X	natua_yes_no_finance-7212412_k1	0.0429	yes_no	수도권에서만 대졸 이상의 정규직과 비정규직 간 임금격차가 나타났니	Yes	1. 제정 배경과 경과 (1) 제정 배경 □ 싱가포르에서는 지점 간 여객운송(택시+승차공유, point-to-point passenger transport)이 크게 변화하면서 이에 대응하기 위하여 새로운 규제 프레임워크를 도입할 필요성이 제기됨 ○ 과거(2013년 이전)에는 지점 간 여객운송이 28,000여대의 택시만으로 주로 이루어졌고 관련 사업도 택시운	분야 상이/상식성/중복 (1차 판정 기준 동일 적용)
X	natua_yes_no_finance-7212412_k2	0.0429	yes_no	수도권에서만 대졸 이상의 정규직과 비정규직 간 임금격차가 나타났니	Yes	1. 제정 배경과 경과 (1) 제정 배경 □ 싱가포르에서는 지점 간 여객운송(택시+승차공유, point-to-point passenger transport)이 크게 변화하면서 이에 대응하기 위하여 새로운 규제 프레임워크를 도입할 필요성이 제기됨 ○ 과거(2013년 이전)에는 지점 간 여객운송이 28,000여대의 택시만으로 주로 이루어졌고 관련 사업도 택시운	분야 상이/상식성/중복 (1차 판정 기준 동일 적용)
X	natua_yes_no_finance-7688392_k1	0.0429	yes_no	인구성장률의 경우 경기도에서 더 감소하게 될 것으로 예측되니	Yes	Ⅳ. 보완방안 1. 금융안정에 대한 측정지표 개발, 금융안정 책임에 관한 유관기관과의 MOU체결 및 금융안정협의기구 구성 추진 (1) 금융안정 측정지표 개발 금융안정을 측정하는 신뢰할 수 있는 측정 지표를 개발함으로써 금융안정을 위한 정책 방향 및 법적 책임을 명확하게 설정할 필요가 있다. 즉 금융 안정 측정지표를 개발하여 목표 인플레이션을 정하고 이를 달	분야 상이/상식성/중복 (1차 판정 기준 동일 적용)
X	natua_yes_no_finance-7688392_k2	0.0429	yes_no	인구성장률의 경우 경기도에서 더 감소하게 될 것으로 예측되니	Yes	Ⅳ. 보완방안 1. 금융안정에 대한 측정지표 개발, 금융안정 책임에 관한 유관기관과의 MOU체결 및 금융안정협의기구 구성 추진 (1) 금융안정 측정지표 개발 금융안정을 측정하는 신뢰할 수 있는 측정 지표를 개발함으로써 금융안정을 위한 정책 방향 및 법적 책임을 명확하게 설정할 필요가 있다. 즉 금융 안정 측정지표를 개발하여 목표 인플레이션을 정하고 이를 달	분야 상이/상식성/중복 (1차 판정 기준 동일 적용)
X	natua_yes_no_finance-6794143_k2	0.0426	yes_no	영란은행은 다른 기관과 협력하지 않고 독자적으로 금융안정을 이뤄가야 해	No	(3) 승객과 운전자의 안전 보장 조치 □ 모든 사업자(면허가 불필요한 소규모 사업자 포함)는 해당 차량 운행에 필요한 직업면허를 갖춘 운전자와 보험에 가입하고 차량 검사에 합격한 차량만을 활용하여 직접 차량을 운행하거나 예약을 중개할 수 있으며, 이를 위반하는 사업자에 대해서는 육상교통청이 운전자들에게 그 사업자를 위하여 운전하는 것을 금지할 수 있음 ○	분야 상이/상식성/중복 (1차 판정 기준 동일 적용)
X	natua_yes_no_finance-7212500_k1	0.0425	yes_no	보육시설이 학교에서도 운영될 수 있게 도와야 하니	Yes	(3) 금융안정협의기구 설치 한국은행 및 기획재정부, 금융위원회가 각각 금융 안정 목표와 정책수단을 분담하고 있는 상황이므로 금융 안정이라는 공동의 목표를 달성하기 위하여 각 기관이 참여하는 금융 안정협의기구를 구성하여 설치할 필요가 있다. 금융 안정협의기구는 각 기관의 금융 안정 관련 정보를 교환하고, 정책을 협의하는 기능을 수행하여야 할 것이다. 금융 	분야 상이/상식성/중복 (1차 판정 기준 동일 적용)
X	natua_yes_no_finance-7212500_k2	0.0425	yes_no	보육시설이 학교에서도 운영될 수 있게 도와야 하니	Yes	(3) 금융안정협의기구 설치 한국은행 및 기획재정부, 금융위원회가 각각 금융 안정 목표와 정책수단을 분담하고 있는 상황이므로 금융 안정이라는 공동의 목표를 달성하기 위하여 각 기관이 참여하는 금융 안정협의기구를 구성하여 설치할 필요가 있다. 금융 안정협의기구는 각 기관의 금융 안정 관련 정보를 교환하고, 정책을 협의하는 기능을 수행하여야 할 것이다. 금융 	분야 상이/상식성/중복 (1차 판정 기준 동일 적용)
X	natua_yes_no_finance-7462357_k3	0.0424	yes_no	출산과 결혼 때문에 이전 직장을 퇴사한 근로자의 비율이 전국 평균보다 높은 지역이 경기도일까	Yes	□ 소규모 사업자 외에 면허를 받아야 하는 사업자는 육상교통청에 통행 및 운전자 관련 자료를 제출하여 야 하며, 육상교통청은 위반행위나 안전사고에 관한 사업자의 보고 의무와 조치 방안 등을 포함한 사업자 준수규범을 마련할 수 있음 □ 육상교통청은 결함이 있거나 위험성이 있는 자동차 모델의 사용을 금지하는 등 필요한 경우 모든 사업자(면허가 불필요한 소규모 	분야 상이/상식성/중복 (1차 판정 기준 동일 적용)
X	natua_yes_no_finance-7021555_k1	0.0423	yes_no	부정수급을 폭로한 사람은 조건에 상관없이 10만 원의 포상금을 받게 국가유공자법 시행령에 명시했지	No	이와 같은 결과는 동일한 규모의 지원 시 여성 고용을 증진시키는 방안으로 육아휴직 지원이 보육료 지원보다 더 효과적임을 의미한다. 그러나 보다 정확한 해석을 위해서는 두 정책 사이의 다양한 차이점이 이해할 필요가 있다. 우선 주로 취업 중인 임금 근로자가 육아휴직제도의 혜택을 누릴 수 있는 반면, 보육료 지원은 취업 여부와 상관없이 받을 수 있다는 점을 고	분야 상이/상식성/중복 (1차 판정 기준 동일 적용)
X	natua_yes_no_finance-7021555_k2	0.0423	yes_no	부정수급을 폭로한 사람은 조건에 상관없이 10만 원의 포상금을 받게 국가유공자법 시행령에 명시했지	No	이와 같은 결과는 동일한 규모의 지원 시 여성 고용을 증진시키는 방안으로 육아휴직 지원이 보육료 지원보다 더 효과적임을 의미한다. 그러나 보다 정확한 해석을 위해서는 두 정책 사이의 다양한 차이점이 이해할 필요가 있다. 우선 주로 취업 중인 임금 근로자가 육아휴직제도의 혜택을 누릴 수 있는 반면, 보육료 지원은 취업 여부와 상관없이 받을 수 있다는 점을 고	분야 상이/상식성/중복 (1차 판정 기준 동일 적용)
X	natua_yes_no_finance-7212503_k2	0.0423	yes_no	전통 제조업은 경기도 지역에서 지방으로 이동하는 모습을 보였지	Yes	셋째, 한국은행의 목적을 규정한 한국은행 법의 목적 조항(제1조)에서 금융 안정에 유의하여야 함을 규정하고 있다는 사실이다. 또한 이와 같이 목적 조항을 개정함과 동시에 이를 뒷받침하기 위하여 긴급 유동성 지원 제도 개편, 공개시장조작 방식에 증권 대차 추가, 지급준비금 적립 대상 채무 확대 등의 개정이 이루어진 사실도 금융 안정이 한국은행의 목적의 하나임	분야 상이/상식성/중복 (1차 판정 기준 동일 적용)
X	natua_yes_no_finance-7212503_k3	0.0423	yes_no	전통 제조업은 경기도 지역에서 지방으로 이동하는 모습을 보였지	Yes	셋째, 한국은행의 목적을 규정한 한국은행 법의 목적 조항(제1조)에서 금융 안정에 유의하여야 함을 규정하고 있다는 사실이다. 또한 이와 같이 목적 조항을 개정함과 동시에 이를 뒷받침하기 위하여 긴급 유동성 지원 제도 개편, 공개시장조작 방식에 증권 대차 추가, 지급준비금 적립 대상 채무 확대 등의 개정이 이루어진 사실도 금융 안정이 한국은행의 목적의 하나임	분야 상이/상식성/중복 (1차 판정 기준 동일 적용)
X	natua_yes_no_finance-7212485_k3	0.0422	yes_no	가족지원에 대한 한국 정부의 지출규모는 OECD 국가보다 높을까	No	□ 지금까지의 변화에 대응하고 자율주행자동차의 등장이나 교통수단 간 연계 강화 등 앞으로 다가올 더 큰 변화를 받아들일 수 있도록, 제공되는 서비스에 기반하여 규제 체계를 개편한 싱가포르의 사례를 참고하여 새로운 여객운송 정책 체계 마련을 검토해볼 필요성이 있음 ○ 특히 대규모 PHCB사업자에 대하여도 해당 영업면허 취득 위무를 부과하는 등 여객운송 산업에	분야 상이/상식성/중복 (1차 판정 기준 동일 적용)
X	natua_yes_no_finance-7019665_k3	0.0421	yes_no	고령자가 특별현금급여 수급을 보장하는 내용을 포함해 노인장기요양보험법을 수정했지	Yes	(3) 승객과 운전자의 안전 보장 조치 □ 모든 사업자(면허가 불필요한 소규모 사업자 포함)는 해당 차량 운행에 필요한 직업면허를 갖춘 운전자와 보험에 가입하고 차량 검사에 합격한 차량만을 활용하여 직접 차량을 운행하거나 예약을 중개할 수 있으며, 이를 위반하는 사업자에 대해서는 육상교통청이 운전자들에게 그 사업자를 위하여 운전하는 것을 금지할 수 있음 ○	분야 상이/상식성/중복 (1차 판정 기준 동일 적용)
X	natua_yes_no_finance-7212486_k1	0.0421	yes_no	OECD 국가와 비교했을 때 가족지원에 대한 한국 행정부의 지출규모가 크니	No	(2) 영란은행법은 통화정책과 관련하여 영란은행의 목적은 물가안정 유지 및 정부의 경제정책 지원이라고 규정하면서 별도로 금융시스템의 안정성을 유지하고 제고하는데 기여하는 것이 영란은행의 목적이라고 명시하고 있다. 또한 금융안정 목적을 위하여 재무부 및 금융감독당국과 협력하여야 함을 규정하고 있다. 영란은행법 제2조A(금융안정목적) : (1) 영란은행의 목적	분야 상이/상식성/중복 (1차 판정 기준 동일 적용)
X	natua_yes_no_finance-7212486_k2	0.0421	yes_no	OECD 국가와 비교했을 때 가족지원에 대한 한국 행정부의 지출규모가 크니	No	(2) 영란은행법은 통화정책과 관련하여 영란은행의 목적은 물가안정 유지 및 정부의 경제정책 지원이라고 규정하면서 별도로 금융시스템의 안정성을 유지하고 제고하는데 기여하는 것이 영란은행의 목적이라고 명시하고 있다. 또한 금융안정 목적을 위하여 재무부 및 금융감독당국과 협력하여야 함을 규정하고 있다. 영란은행법 제2조A(금융안정목적) : (1) 영란은행의 목적	분야 상이/상식성/중복 (1차 판정 기준 동일 적용)
X	natua_yes_no_finance-7212519_k3	0.042	yes_no	십여 년 동안 경기도에서 고용률이 증가한 연령대는 20대 후반일까	Yes	노숙인 등의 복지 및 자립지원에 관한 법률 시행규칙 일부개정령(안) 입법예고 1. 개정이유 노숙인자활시설 및 노숙인종합지원센터 이용현황 보고 주기를 숙인재활시설 및 노숙인요양시설 이용현황 보고 주기와 동일하게 반기별 1회로 개선하여 부담을 완화하고자 함. 2. 주요내용 가. 노숙인자활시설 및 노숙인종합지원센터 이용현황 보고 주기를 분기별 1회에서 반기별 1	분야 상이/상식성/중복 (1차 판정 기준 동일 적용)
X	natua_yes_no_finance-7212462_k3	0.0419	yes_no	비정규직과 정규직의 높지 않은 이동성이 고학력 여성이 노동시장 재진입 시 제약 조건이 될까	Yes	(2) 공정성과 참여확대 동시 추구 학부모와 교사 등 단위학교 구성원의 참여를 실질적으로 확대시킬 수 있는 방안을 모색할 필요가 있다. 학교 심사위원회가 적임자가 아니라고 판단할 경우는 2단계의 심사대상자로 추천하지 않는 것도 방안이 될 수 있다. 공정성을 강화하기 위한다는 구실로 단위학교의 참여를 크게 제한하는 방식은 설득력이 그리 높지 않다. 교과부가 	분야 상이/상식성/중복 (1차 판정 기준 동일 적용)
X	natua_yes_no_finance-6794129_k2	0.0418	yes_no	금융안정을 이루려는 여타 기관과 협동하는 형태로 규정되어 있는 게 제3유형이야	Yes	노인장기요양보험법 시행령 일부개정령(안) 입법예고 1. 개정사유 특별현금급여가 다른 금원과 섞이면서 해당 통장이 압류되는 경우 특별현금급여와 이를 받을 권리가 침해되는 것을 방지해 노인과 그 가족의 생활안정을 도모하려는 것을 목표로 「노인장기요양보험법」이 개정됨(법률 제14321호, 2016.12.2. 개정)에 따라 특별현금급여계좌 신청 방법·절차 및 관리	분야 상이/상식성/중복 (1차 판정 기준 동일 적용)
X	natua_yes_no_finance-6794129_k3	0.0418	yes_no	금융안정을 이루려는 여타 기관과 협동하는 형태로 규정되어 있는 게 제3유형이야	Yes	노인장기요양보험법 시행령 일부개정령(안) 입법예고 1. 개정사유 특별현금급여가 다른 금원과 섞이면서 해당 통장이 압류되는 경우 특별현금급여와 이를 받을 권리가 침해되는 것을 방지해 노인과 그 가족의 생활안정을 도모하려는 것을 목표로 「노인장기요양보험법」이 개정됨(법률 제14321호, 2016.12.2. 개정)에 따라 특별현금급여계좌 신청 방법·절차 및 관리	분야 상이/상식성/중복 (1차 판정 기준 동일 적용)
X	natua_yes_no_finance-6437829_k3	0.0418	yes_no	소규모 사업자는 육상교통청에 통행과 운전자에 대한 정보를 알려야 하는 거지	No	Ⅳ. 보완방안 1. 금융안정에 대한 측정지표 개발, 금융안정 책임에 관한 유관기관과의 MOU체결 및 금융안정협의기구 구성 추진 (1) 금융안정 측정지표 개발 금융안정을 측정하는 신뢰할 수 있는 측정 지표를 개발함으로써 금융안정을 위한 정책 방향 및 법적 책임을 명확하게 설정할 필요가 있다. 즉 금융 안정 측정지표를 개발하여 목표 인플레이션을 정하고 이를 달	분야 상이/상식성/중복 (1차 판정 기준 동일 적용)
X	natua_yes_no_finance-6437842_k3	0.0418	yes_no	당사자를 배제한 규제 관련 대책을 일방적으로 시행한 건 싱가포르야	No	3. 주요쟁점 (1) 교장공모제 도입의 일방적 결정 및 통보 논란 교장공모제 확대는 학교자치를 실현하는 핵심정책 가운데 하나이다. 학교자치의 원리는 구성원들을 의사결정에 참여시켜 자율성과 책무성을 강화하는 데에 있다. 단위학교의 실정은 구성원들이 가장 잘 알고 있다고 보기 때문이다. 이런 취지에도 불구하고 2010년 9월 교장임용을 위한 현행 교장공모제는 	분야 상이/상식성/중복 (1차 판정 기준 동일 적용)
X	natua_yes_no_finance-7021555_k3	0.0418	yes_no	부정수급을 폭로한 사람은 조건에 상관없이 10만 원의 포상금을 받게 국가유공자법 시행령에 명시했지	No	□ 소규모 사업자 외에 면허를 받아야 하는 사업자는 육상교통청에 통행 및 운전자 관련 자료를 제출하여 야 하며, 육상교통청은 위반행위나 안전사고에 관한 사업자의 보고 의무와 조치 방안 등을 포함한 사업자 준수규범을 마련할 수 있음 □ 육상교통청은 결함이 있거나 위험성이 있는 자동차 모델의 사용을 금지하는 등 필요한 경우 모든 사업자(면허가 불필요한 소규모 	분야 상이/상식성/중복 (1차 판정 기준 동일 적용)
X	natua_yes_no_finance-7021137_k1	0.0418	yes_no	한 사람을 증원해서 신용정보회사 관리 수준 향상을 꾀하려고 하는 거 맞니	Yes	Ⅳ. 보완방안 1. 금융안정에 대한 측정지표 개발, 금융안정 책임에 관한 유관기관과의 MOU체결 및 금융안정협의기구 구성 추진 (1) 금융안정 측정지표 개발 금융안정을 측정하는 신뢰할 수 있는 측정 지표를 개발함으로써 금융안정을 위한 정책 방향 및 법적 책임을 명확하게 설정할 필요가 있다. 즉 금융 안정 측정지표를 개발하여 목표 인플레이션을 정하고 이를 달	분야 상이/상식성/중복 (1차 판정 기준 동일 적용)
X	natua_yes_no_finance-7021137_k2	0.0418	yes_no	한 사람을 증원해서 신용정보회사 관리 수준 향상을 꾀하려고 하는 거 맞니	Yes	Ⅳ. 보완방안 1. 금융안정에 대한 측정지표 개발, 금융안정 책임에 관한 유관기관과의 MOU체결 및 금융안정협의기구 구성 추진 (1) 금융안정 측정지표 개발 금융안정을 측정하는 신뢰할 수 있는 측정 지표를 개발함으로써 금융안정을 위한 정책 방향 및 법적 책임을 명확하게 설정할 필요가 있다. 즉 금융 안정 측정지표를 개발하여 목표 인플레이션을 정하고 이를 달	분야 상이/상식성/중복 (1차 판정 기준 동일 적용)
X	natua_yes_no_finance-7462333_k3	0.0417	yes_no	임금은 삼 개월 정도의 단기간 휴직에 영향을 받을 수 있니	No	□ 소규모 사업자 외에 면허를 받아야 하는 사업자는 육상교통청에 통행 및 운전자 관련 자료를 제출하여 야 하며, 육상교통청은 위반행위나 안전사고에 관한 사업자의 보고 의무와 조치 방안 등을 포함한 사업자 준수규범을 마련할 수 있음 □ 육상교통청은 결함이 있거나 위험성이 있는 자동차 모델의 사용을 금지하는 등 필요한 경우 모든 사업자(면허가 불필요한 소규모 	분야 상이/상식성/중복 (1차 판정 기준 동일 적용)
X	natua_yes_no_finance-7212500_k3	0.0415	yes_no	보육시설이 학교에서도 운영될 수 있게 도와야 하니	Yes	(2) 공정성과 참여확대 동시 추구 학부모와 교사 등 단위학교 구성원의 참여를 실질적으로 확대시킬 수 있는 방안을 모색할 필요가 있다. 학교 심사위원회가 적임자가 아니라고 판단할 경우는 2단계의 심사대상자로 추천하지 않는 것도 방안이 될 수 있다. 공정성을 강화하기 위한다는 구실로 단위학교의 참여를 크게 제한하는 방식은 설득력이 그리 높지 않다. 교과부가 	분야 상이/상식성/중복 (1차 판정 기준 동일 적용)
X	natua_yes_no_finance-7212512_k1	0.0415	yes_no	경기도는 인구증가율이 오랫동안 하락세를 나타내고 있는 지역이니	Yes	□ 소규모 사업자 외에 면허를 받아야 하는 사업자는 육상교통청에 통행 및 운전자 관련 자료를 제출하여 야 하며, 육상교통청은 위반행위나 안전사고에 관한 사업자의 보고 의무와 조치 방안 등을 포함한 사업자 준수규범을 마련할 수 있음 □ 육상교통청은 결함이 있거나 위험성이 있는 자동차 모델의 사용을 금지하는 등 필요한 경우 모든 사업자(면허가 불필요한 소규모 	분야 상이/상식성/중복 (1차 판정 기준 동일 적용)
X	natua_yes_no_finance-7212512_k2	0.0415	yes_no	경기도는 인구증가율이 오랫동안 하락세를 나타내고 있는 지역이니	Yes	□ 소규모 사업자 외에 면허를 받아야 하는 사업자는 육상교통청에 통행 및 운전자 관련 자료를 제출하여 야 하며, 육상교통청은 위반행위나 안전사고에 관한 사업자의 보고 의무와 조치 방안 등을 포함한 사업자 준수규범을 마련할 수 있음 □ 육상교통청은 결함이 있거나 위험성이 있는 자동차 모델의 사용을 금지하는 등 필요한 경우 모든 사업자(면허가 불필요한 소규모 	분야 상이/상식성/중복 (1차 판정 기준 동일 적용)
X	natua_yes_no_finance-6794183_k3	0.0414	yes_no	금융불안의 징조를 알아차리기 위해 금융부분의 동향을 모니터링해야 하는 곳은 금융 감독당국일까	Yes	(3) 승객과 운전자의 안전 보장 조치 □ 모든 사업자(면허가 불필요한 소규모 사업자 포함)는 해당 차량 운행에 필요한 직업면허를 갖춘 운전자와 보험에 가입하고 차량 검사에 합격한 차량만을 활용하여 직접 차량을 운행하거나 예약을 중개할 수 있으며, 이를 위반하는 사업자에 대해서는 육상교통청이 운전자들에게 그 사업자를 위하여 운전하는 것을 금지할 수 있음 ○	분야 상이/상식성/중복 (1차 판정 기준 동일 적용)
X	natua_yes_no_finance-6794135_k3	0.0413	yes_no	태국은행이 통화안정을 목표로 해야 한다는 내용이 태국은행법에 명시되어 있어	Yes	(2) 당사자 간 지속적인 소통과 협력을 통한 정책 마련 □ 우리나라에서는 현재 당사자들이 첨예하게 대립하고 있고, 정책 당사자의 참여를 통한 지속적인 소통과 협력이 이루어지지 못해 효과적인 정책의 수립·집행이 제한되고 있음 □ 싱가포르의 경우 새로운 규제 프레임워크를 도입하는 과정에 정책 당사자인 운전자, 택시협회, 승차공유차량협회, 사업자, 일반 국민이	분야 상이/상식성/중복 (1차 판정 기준 동일 적용)
X	natua_yes_no_finance-6794136_k3	0.0413	yes_no	태국은행법에는 태국은행의 목적으로 통화안정을 규정하고 있어	Yes	□ 제정 배경과 경과 ◦ 싱가포르에서는 기존의 택시 위주 규제 체계로는 승차공유의 등장과 스마트폰을 활용한 예약 서비스 도입 등 지점 간 여객운송(택시+승차공유)의 변화에 대응하기 어렵다는 점이 지적되면서 「지점 간 여객운송사업법 2019」를 제정하고 새로운 규제 프레임워크를 도입함 ◦ 해당 법률은 2019년 8월 싱가포르 국회를 통과하여 2020년 시행을	분야 상이/상식성/중복 (1차 판정 기준 동일 적용)
X	natua_yes_no_finance-6390536_k2	0.0413	yes_no	교장공모제 심사를 위해 당일 바로 선정된 심사위원 중에 일반 학부모는 없지	No	(2) 당사자 간 지속적인 소통과 협력을 통한 정책 마련 □ 우리나라에서는 현재 당사자들이 첨예하게 대립하고 있고, 정책 당사자의 참여를 통한 지속적인 소통과 협력이 이루어지지 못해 효과적인 정책의 수립·집행이 제한되고 있음 □ 싱가포르의 경우 새로운 규제 프레임워크를 도입하는 과정에 정책 당사자인 운전자, 택시협회, 승차공유차량협회, 사업자, 일반 국민이	분야 상이/상식성/중복 (1차 판정 기준 동일 적용)
X	natua_yes_no_finance-7715039_k1	0.0413	yes_no	비수도권과 수도권에서 비정규직 시간당 임금수준이 단순노무직과 비슷하게 낮았던 직종은 서비스직일까	Yes	□ 제정 배경과 경과 ◦ 싱가포르에서는 기존의 택시 위주 규제 체계로는 승차공유의 등장과 스마트폰을 활용한 예약 서비스 도입 등 지점 간 여객운송(택시+승차공유)의 변화에 대응하기 어렵다는 점이 지적되면서 「지점 간 여객운송사업법 2019」를 제정하고 새로운 규제 프레임워크를 도입함 ◦ 해당 법률은 2019년 8월 싱가포르 국회를 통과하여 2020년 시행을	분야 상이/상식성/중복 (1차 판정 기준 동일 적용)
X	natua_yes_no_finance-7715039_k2	0.0413	yes_no	비수도권과 수도권에서 비정규직 시간당 임금수준이 단순노무직과 비슷하게 낮았던 직종은 서비스직일까	Yes	□ 제정 배경과 경과 ◦ 싱가포르에서는 기존의 택시 위주 규제 체계로는 승차공유의 등장과 스마트폰을 활용한 예약 서비스 도입 등 지점 간 여객운송(택시+승차공유)의 변화에 대응하기 어렵다는 점이 지적되면서 「지점 간 여객운송사업법 2019」를 제정하고 새로운 규제 프레임워크를 도입함 ◦ 해당 법률은 2019년 8월 싱가포르 국회를 통과하여 2020년 시행을	분야 상이/상식성/중복 (1차 판정 기준 동일 적용)
X	natua_yes_no_finance-7212502_k1	0.0413	yes_no	청년 고용률은 전 연령대의 평균 고용률과 비교했을 때 낮은 수치를 보이고 있니	Yes	Ⅱ. 주요국 중앙은행법상 금융안정 목적 세계 대부분의 중앙은행들은 금융안정에 대하여 중앙은행이 책임을 갖고 있다는 전제하에 업무를 수행하고 있다. 국제결제은행(Bank for International Settlements, 이하 BIS라 한다)에 따르면 세계 중앙은행의 90%는 금융시스템 감독과 금융안정정책에 대한 책임을 갖고 있다고 한다. 그러나 중앙은행	분야 상이/상식성/중복 (1차 판정 기준 동일 적용)
X	natua_yes_no_finance-6437825_k3	0.0412	yes_no	PHCB사업자가 800대가 넘는 차를 플랫폼에 등록한 경우라면 관련 영업면허를 따야 하는 거지	Yes	(2) 유관기관간 MOU 체결 기획재정부, 금융위원회 등과 금융 안정과 관련하여 어느 기관이 어떠한 책임을 갖는지를 명확하게 하는 MOU를 체결함으로써 유관기관 간 책임관계를 분명히 하고 평상시 및 위기 시의 협력분야, 절차 등을 정할 필요가 있다. 즉 현재 정보 공유와 공동검사에 국한된 한국은행과 금융 감독당국과의 MOU가 존재하고 있으나, 유관기관이 명	분야 상이/상식성/중복 (1차 판정 기준 동일 적용)
X	natua_yes_no_finance-6437830_k3	0.0412	yes_no	육상교통청에 통행과 운전자의 정보를 고지해야 하는 건 소규모 사업자에 해당하지	No	성별 고용 유지율의 차이는 사업체의 특성에 따라 상당한 차이를 보이는 것으로 관찰되었다. 〈표 4〉에 의하면, 산업별로는 초기 시점에서 제조업에 종사한 근로자에 대한 성별 고용 유지율 차이가 29.1%p로 가장 큰 것으로 나타났고, 그 다음으로 사업서비스업 (26.6%p), 출판 영상 통신 정보서비스업(26.3%p), 기타 공공, 수리 및 개인서비스업(22	분야 상이/상식성/중복 (1차 판정 기준 동일 적용)
X	natua_yes_no_finance-6794151_k1	0.0409	yes_no	한국은행 법에 한국은행의 목적에 관한 내용이 명시되어 있지	Yes	□ 한국은행은 지난 3월 30일부터 약 한달간 일반 국민들과 소통의 폭을 넓혀 나가기 위하여 처음으로 ｢한국은행 스토리텔링｣을 공모하였음     ㅇ 공모내용은 한국은행과 관련한 미담이나 체험담을 600자 내외로 엮은 스토리임 □ 공모 결과 전국 각지에서 총 196명이 응모하였으며, 1차 심사에서 100편의 후보작을 뽑은 후 외부 심사위원이 포함된 2차 심사	분야 상이/상식성/중복 (1차 판정 기준 동일 적용)
X	natua_yes_no_finance-7688693_k2	0.0407	yes_no	멕시코은행법은 여러 가지 금융안정과 관련된 역할 수행을 명시하고 있니	Yes	□ 소규모 사업자 외에 면허를 받아야 하는 사업자는 육상교통청에 통행 및 운전자 관련 자료를 제출하여 야 하며, 육상교통청은 위반행위나 안전사고에 관한 사업자의 보고 의무와 조치 방안 등을 포함한 사업자 준수규범을 마련할 수 있음 □ 육상교통청은 결함이 있거나 위험성이 있는 자동차 모델의 사용을 금지하는 등 필요한 경우 모든 사업자(면허가 불필요한 소규모 	분야 상이/상식성/중복 (1차 판정 기준 동일 적용)
X	natua_yes_no_finance-7688693_k3	0.0407	yes_no	멕시코은행법은 여러 가지 금융안정과 관련된 역할 수행을 명시하고 있니	Yes	□ 소규모 사업자 외에 면허를 받아야 하는 사업자는 육상교통청에 통행 및 운전자 관련 자료를 제출하여 야 하며, 육상교통청은 위반행위나 안전사고에 관한 사업자의 보고 의무와 조치 방안 등을 포함한 사업자 준수규범을 마련할 수 있음 □ 육상교통청은 결함이 있거나 위험성이 있는 자동차 모델의 사용을 금지하는 등 필요한 경우 모든 사업자(면허가 불필요한 소규모 	분야 상이/상식성/중복 (1차 판정 기준 동일 적용)
X	natua_yes_no_finance-6794144_k3	0.0407	yes_no	타 기관과 공조하지 않고 영란은행은 독립적으로 금융안정을 달성해나가야 해	No	(2) 대규모 PHCB사업자 면허 의무화 등 면허 체계 개편 □ 차량과 사업 종류에 따른 기존의 면허 체계를 제공하는 서비스에 따른 새로운 면허 체계로 개편하고, 기존에는 관련 면허 제도가 없어 면허 취득 의무가 없었던 PHCB사업자 중 플랫폼에 등록된 차량이 800대 이상인 대규모 PHCB사업자에게도 해당 영업면허 취득을 의무화함 ○ 기존에는 택시운영사업	분야 상이/상식성/중복 (1차 판정 기준 동일 적용)
X	natua_yes_no_finance-6794184_k3	0.0406	yes_no	금융 감독당국은 금융불안의 징조를 파악하기 위해 금융부분의 동향을 감시해야 하는 곳이니	Yes	4. 개선방향 교장공모제는 교장인사제도의 개혁이자 학교자율화 정책의 핵심과제이다. 그러므로 앞에서 언급한 문제점을 보완하여 학교현장에 성공적으로 정착시키기 위한 노력이 필요하다. 이를 위한 개선방향을 제시하면 다음과 같다. (1) 단위학교의 선택권 강화 필요 교장공모제를 통하여 교장인사권의 분산을 도모한다면 제도 도입 여부 및 유형에 대한 선택권을 구성원들	분야 상이/상식성/중복 (1차 판정 기준 동일 적용)
X	natua_yes_no_finance-7212449_k1	0.0406	yes_no	근로자의 나이에 따라 경력단절자가 다니던 직장을 그만둔 시점이 다를까	Yes	고용보험법 시행령 일부개정령(안) 입법예고 1. 개정이유 기존에 직업안정기관의 장에게 위임하던 피보험자격관리 업무를 근로복지공단에 위탁함으로써 현재 고용보험의 적용 및 보험료 부과 업무와 고용보험 피보험자격관리 업무의 이원화에 따라 나타나는 행정 비효율 및 국민 불편사항 등을 개선하려는 것임 2. 주요내용 가. 피보험자격관리 업무를 근로복지공단에 위탁(안 	분야 상이/상식성/중복 (1차 판정 기준 동일 적용)
X	natua_yes_no_finance-7021569_k2	0.0405	yes_no	직무태만 등 소극행정을 벌인 사람은 징계 감경 대상자에 해당하지 않지	Yes	□ 소규모 사업자 외에 면허를 받아야 하는 사업자는 육상교통청에 통행 및 운전자 관련 자료를 제출하여 야 하며, 육상교통청은 위반행위나 안전사고에 관한 사업자의 보고 의무와 조치 방안 등을 포함한 사업자 준수규범을 마련할 수 있음 □ 육상교통청은 결함이 있거나 위험성이 있는 자동차 모델의 사용을 금지하는 등 필요한 경우 모든 사업자(면허가 불필요한 소규모 	분야 상이/상식성/중복 (1차 판정 기준 동일 적용)
X	natua_yes_no_finance-7021569_k3	0.0405	yes_no	직무태만 등 소극행정을 벌인 사람은 징계 감경 대상자에 해당하지 않지	Yes	□ 소규모 사업자 외에 면허를 받아야 하는 사업자는 육상교통청에 통행 및 운전자 관련 자료를 제출하여 야 하며, 육상교통청은 위반행위나 안전사고에 관한 사업자의 보고 의무와 조치 방안 등을 포함한 사업자 준수규범을 마련할 수 있음 □ 육상교통청은 결함이 있거나 위험성이 있는 자동차 모델의 사용을 금지하는 등 필요한 경우 모든 사업자(면허가 불필요한 소규모 	분야 상이/상식성/중복 (1차 판정 기준 동일 적용)
X	natua_yes_no_finance-6794164_k1	0.0405	yes_no	금융 안정협의기구를 설립은 금융안정이라는 목표를 달성하기 위한 필요조건이야	Yes	□ 소규모 사업자 외에 면허를 받아야 하는 사업자는 육상교통청에 통행 및 운전자 관련 자료를 제출하여 야 하며, 육상교통청은 위반행위나 안전사고에 관한 사업자의 보고 의무와 조치 방안 등을 포함한 사업자 준수규범을 마련할 수 있음 □ 육상교통청은 결함이 있거나 위험성이 있는 자동차 모델의 사용을 금지하는 등 필요한 경우 모든 사업자(면허가 불필요한 소규모 	분야 상이/상식성/중복 (1차 판정 기준 동일 적용)
X	natua_yes_no_finance-6794164_k2	0.0405	yes_no	금융 안정협의기구를 설립은 금융안정이라는 목표를 달성하기 위한 필요조건이야	Yes	□ 소규모 사업자 외에 면허를 받아야 하는 사업자는 육상교통청에 통행 및 운전자 관련 자료를 제출하여 야 하며, 육상교통청은 위반행위나 안전사고에 관한 사업자의 보고 의무와 조치 방안 등을 포함한 사업자 준수규범을 마련할 수 있음 □ 육상교통청은 결함이 있거나 위험성이 있는 자동차 모델의 사용을 금지하는 등 필요한 경우 모든 사업자(면허가 불필요한 소규모 	분야 상이/상식성/중복 (1차 판정 기준 동일 적용)
X	natua_yes_no_finance-7715039_k3	0.0405	yes_no	비수도권과 수도권에서 비정규직 시간당 임금수준이 단순노무직과 비슷하게 낮았던 직종은 서비스직일까	Yes	(3) 교육감의 임용권 견제 미비 교과부는 교장공모제를 확대 실시하여 교육감에 집중된 교장인사권을 단위학교로 분산하겠다고 발표하였다. 그러나 현제도는 인사권 분산에 있어 5, 6차 시범적용에 비해 큰 차이가 없다. 교육감이 교육청 심사위원회의 구성에 사실상 영향력을 행사할 수도 있다는 점에서 보면, 학운위 심사에서 상위 2인을 선정하여 추천하던 5차 시범적	분야 상이/상식성/중복 (1차 판정 기준 동일 적용)
X	natua_yes_no_finance-7715040_k1	0.0405	yes_no	서비스직은 비수도권과 수도권에서 비정규직 시간당 임금수준이 단순노무직과 유사하게 낮았던 직종이니	Yes	(3) 교육감의 임용권 견제 미비 교과부는 교장공모제를 확대 실시하여 교육감에 집중된 교장인사권을 단위학교로 분산하겠다고 발표하였다. 그러나 현제도는 인사권 분산에 있어 5, 6차 시범적용에 비해 큰 차이가 없다. 교육감이 교육청 심사위원회의 구성에 사실상 영향력을 행사할 수도 있다는 점에서 보면, 학운위 심사에서 상위 2인을 선정하여 추천하던 5차 시범적	분야 상이/상식성/중복 (1차 판정 기준 동일 적용)
X	natua_yes_no_finance-7715040_k2	0.0405	yes_no	서비스직은 비수도권과 수도권에서 비정규직 시간당 임금수준이 단순노무직과 유사하게 낮았던 직종이니	Yes	(3) 교육감의 임용권 견제 미비 교과부는 교장공모제를 확대 실시하여 교육감에 집중된 교장인사권을 단위학교로 분산하겠다고 발표하였다. 그러나 현제도는 인사권 분산에 있어 5, 6차 시범적용에 비해 큰 차이가 없다. 교육감이 교육청 심사위원회의 구성에 사실상 영향력을 행사할 수도 있다는 점에서 보면, 학운위 심사에서 상위 2인을 선정하여 추천하던 5차 시범적	분야 상이/상식성/중복 (1차 판정 기준 동일 적용)
X	natua_yes_no_finance-7212511_k3	0.0405	yes_no	인구성장률이 장기간 하락세를 보이고 있는 지역은 경기도일까	Yes	□ 제정 배경과 경과 ◦ 싱가포르에서는 기존의 택시 위주 규제 체계로는 승차공유의 등장과 스마트폰을 활용한 예약 서비스 도입 등 지점 간 여객운송(택시+승차공유)의 변화에 대응하기 어렵다는 점이 지적되면서 「지점 간 여객운송사업법 2019」를 제정하고 새로운 규제 프레임워크를 도입함 ◦ 해당 법률은 2019년 8월 싱가포르 국회를 통과하여 2020년 시행을	분야 상이/상식성/중복 (1차 판정 기준 동일 적용)
X	natua_yes_no_finance-6794143_k3	0.0404	yes_no	영란은행은 다른 기관과 협력하지 않고 독자적으로 금융안정을 이뤄가야 해	No	□ 경기도 청년층의 경제활동참가율은 44.6%, 고용율은 41.3%로서 전국 평균(43.2%, 39.7%)보다는 다소 높은 수준임 ○ 2013년 현재 경기도 전체 경제활동인구는 6,172천명이며 고용률은 60.0%를 기록 – 30대에서 50대까지 중장년층의 고용률은 모두 70%를 상회하여 청년층 고용률과 큰 차이를 나타냄 ○ 청년층을 제외한 30대 이상이 	분야 상이/상식성/중복 (1차 판정 기준 동일 적용)
X	natua_yes_no_finance-7021554_k2	0.0404	yes_no	국가유공자법 시행령에 따르면 부정수급을 제보한 사람에게 주는 포상금은 무조건 10만 원이야	No	노인장기요양보험법 시행령 일부개정령(안) 입법예고 1. 개정사유 특별현금급여가 다른 금원과 섞이면서 해당 통장이 압류되는 경우 특별현금급여와 이를 받을 권리가 침해되는 것을 방지해 노인과 그 가족의 생활안정을 도모하려는 것을 목표로 「노인장기요양보험법」이 개정됨(법률 제14321호, 2016.12.2. 개정)에 따라 특별현금급여계좌 신청 방법·절차 및 관리	분야 상이/상식성/중복 (1차 판정 기준 동일 적용)
X	natua_yes_no_finance-7021554_k3	0.0404	yes_no	국가유공자법 시행령에 따르면 부정수급을 제보한 사람에게 주는 포상금은 무조건 10만 원이야	No	노인장기요양보험법 시행령 일부개정령(안) 입법예고 1. 개정사유 특별현금급여가 다른 금원과 섞이면서 해당 통장이 압류되는 경우 특별현금급여와 이를 받을 권리가 침해되는 것을 방지해 노인과 그 가족의 생활안정을 도모하려는 것을 목표로 「노인장기요양보험법」이 개정됨(법률 제14321호, 2016.12.2. 개정)에 따라 특별현금급여계좌 신청 방법·절차 및 관리	분야 상이/상식성/중복 (1차 판정 기준 동일 적용)
X	natua_yes_no_finance-7212450_k2	0.0403	yes_no	경력단절자가 다니던 직장을 관둔 시점은 근로자의 나이에 따라 상이하니	Yes	3. 시사점 (1) 여객운송 산업의 변화에 대응할 수 있는 정책 체계 마련 필요 □ 우리나라 역시 다른 나라와 마찬가지로 여객운송 산업에서 큰 변화를 맞이하고 있어 기존 정책만으로 변화에 대응하는 데 어려움을 겪고 있음 ○ 우리나라의 지점 간 여객운송 산업은 최근 기존의 법제도를 적용하기 곤란한 우버 등 승차공유, 카카오택시 등 스마트폰 애플리케이션을 활용	분야 상이/상식성/중복 (1차 판정 기준 동일 적용)
X	natua_yes_no_finance-7021137_k3	0.0402	yes_no	한 사람을 증원해서 신용정보회사 관리 수준 향상을 꾀하려고 하는 거 맞니	Yes	□ 소규모 사업자 외에 면허를 받아야 하는 사업자는 육상교통청에 통행 및 운전자 관련 자료를 제출하여 야 하며, 육상교통청은 위반행위나 안전사고에 관한 사업자의 보고 의무와 조치 방안 등을 포함한 사업자 준수규범을 마련할 수 있음 □ 육상교통청은 결함이 있거나 위험성이 있는 자동차 모델의 사용을 금지하는 등 필요한 경우 모든 사업자(면허가 불필요한 소규모 	분야 상이/상식성/중복 (1차 판정 기준 동일 적용)
X	natua_yes_no_finance-6390530_k1	0.0402	yes_no	교과부는 교장공모제 대상 학교를 2010년부터 서서히 넓혀 갔지	No	□ 제정 배경과 경과 ◦ 싱가포르에서는 기존의 택시 위주 규제 체계로는 승차공유의 등장과 스마트폰을 활용한 예약 서비스 도입 등 지점 간 여객운송(택시+승차공유)의 변화에 대응하기 어렵다는 점이 지적되면서 「지점 간 여객운송사업법 2019」를 제정하고 새로운 규제 프레임워크를 도입함 ◦ 해당 법률은 2019년 8월 싱가포르 국회를 통과하여 2020년 시행을	분야 상이/상식성/중복 (1차 판정 기준 동일 적용)
X	natua_yes_no_finance-6390530_k2	0.0402	yes_no	교과부는 교장공모제 대상 학교를 2010년부터 서서히 넓혀 갔지	No	□ 제정 배경과 경과 ◦ 싱가포르에서는 기존의 택시 위주 규제 체계로는 승차공유의 등장과 스마트폰을 활용한 예약 서비스 도입 등 지점 간 여객운송(택시+승차공유)의 변화에 대응하기 어렵다는 점이 지적되면서 「지점 간 여객운송사업법 2019」를 제정하고 새로운 규제 프레임워크를 도입함 ◦ 해당 법률은 2019년 8월 싱가포르 국회를 통과하여 2020년 시행을	분야 상이/상식성/중복 (1차 판정 기준 동일 적용)
X	natua_yes_no_finance-6390537_k2	0.0402	yes_no	학부모는 포함하지 않고 당일 심사위원을 결정하는 건 교장공모제에 관해서지	No	□ 소규모 사업자 외에 면허를 받아야 하는 사업자는 육상교통청에 통행 및 운전자 관련 자료를 제출하여 야 하며, 육상교통청은 위반행위나 안전사고에 관한 사업자의 보고 의무와 조치 방안 등을 포함한 사업자 준수규범을 마련할 수 있음 □ 육상교통청은 결함이 있거나 위험성이 있는 자동차 모델의 사용을 금지하는 등 필요한 경우 모든 사업자(면허가 불필요한 소규모 	분야 상이/상식성/중복 (1차 판정 기준 동일 적용)
X	natua_yes_no_finance-6390537_k3	0.0402	yes_no	학부모는 포함하지 않고 당일 심사위원을 결정하는 건 교장공모제에 관해서지	No	□ 소규모 사업자 외에 면허를 받아야 하는 사업자는 육상교통청에 통행 및 운전자 관련 자료를 제출하여 야 하며, 육상교통청은 위반행위나 안전사고에 관한 사업자의 보고 의무와 조치 방안 등을 포함한 사업자 준수규범을 마련할 수 있음 □ 육상교통청은 결함이 있거나 위험성이 있는 자동차 모델의 사용을 금지하는 등 필요한 경우 모든 사업자(면허가 불필요한 소규모 	분야 상이/상식성/중복 (1차 판정 기준 동일 적용)
X	natua_yes_no_finance-6794173_k1	0.04	yes_no	금융 감독당국과 영란은행의 활동에 대한 책임은 재무부가 맡고 있지	No	□ 제정 배경과 경과 ◦ 싱가포르에서는 기존의 택시 위주 규제 체계로는 승차공유의 등장과 스마트폰을 활용한 예약 서비스 도입 등 지점 간 여객운송(택시+승차공유)의 변화에 대응하기 어렵다는 점이 지적되면서 「지점 간 여객운송사업법 2019」를 제정하고 새로운 규제 프레임워크를 도입함 ◦ 해당 법률은 2019년 8월 싱가포르 국회를 통과하여 2020년 시행을	분야 상이/상식성/중복 (1차 판정 기준 동일 적용)
X	natua_yes_no_finance-6794173_k2	0.04	yes_no	금융 감독당국과 영란은행의 활동에 대한 책임은 재무부가 맡고 있지	No	□ 제정 배경과 경과 ◦ 싱가포르에서는 기존의 택시 위주 규제 체계로는 승차공유의 등장과 스마트폰을 활용한 예약 서비스 도입 등 지점 간 여객운송(택시+승차공유)의 변화에 대응하기 어렵다는 점이 지적되면서 「지점 간 여객운송사업법 2019」를 제정하고 새로운 규제 프레임워크를 도입함 ◦ 해당 법률은 2019년 8월 싱가포르 국회를 통과하여 2020년 시행을	분야 상이/상식성/중복 (1차 판정 기준 동일 적용)
X	natua_yes_no_finance-7713477_k3	0.04	yes_no	친척이 자녀를 양육할 때 보육료 지원을 받을 수 있을까	No	(3) 승객과 운전자의 안전 보장 조치 □ 모든 사업자(면허가 불필요한 소규모 사업자 포함)는 해당 차량 운행에 필요한 직업면허를 갖춘 운전자와 보험에 가입하고 차량 검사에 합격한 차량만을 활용하여 직접 차량을 운행하거나 예약을 중개할 수 있으며, 이를 위반하는 사업자에 대해서는 육상교통청이 운전자들에게 그 사업자를 위하여 운전하는 것을 금지할 수 있음 ○	분야 상이/상식성/중복 (1차 판정 기준 동일 적용)
X	natua_yes_no_finance-7212441_k1	0.0399	yes_no	학력 그룹은 연령별 고용률이 달라지는 데 영향을 주고 있지	Yes	(2) 영란은행법은 통화정책과 관련하여 영란은행의 목적은 물가안정 유지 및 정부의 경제정책 지원이라고 규정하면서 별도로 금융시스템의 안정성을 유지하고 제고하는데 기여하는 것이 영란은행의 목적이라고 명시하고 있다. 또한 금융안정 목적을 위하여 재무부 및 금융감독당국과 협력하여야 함을 규정하고 있다. 영란은행법 제2조A(금융안정목적) : (1) 영란은행의 목적	분야 상이/상식성/중복 (1차 판정 기준 동일 적용)
X	natua_yes_no_finance-7212441_k2	0.0399	yes_no	학력 그룹은 연령별 고용률이 달라지는 데 영향을 주고 있지	Yes	(2) 영란은행법은 통화정책과 관련하여 영란은행의 목적은 물가안정 유지 및 정부의 경제정책 지원이라고 규정하면서 별도로 금융시스템의 안정성을 유지하고 제고하는데 기여하는 것이 영란은행의 목적이라고 명시하고 있다. 또한 금융안정 목적을 위하여 재무부 및 금융감독당국과 협력하여야 함을 규정하고 있다. 영란은행법 제2조A(금융안정목적) : (1) 영란은행의 목적	분야 상이/상식성/중복 (1차 판정 기준 동일 적용)
X	natua_yes_no_finance-7212486_k3	0.0398	yes_no	OECD 국가와 비교했을 때 가족지원에 대한 한국 행정부의 지출규모가 크니	No	□ 소규모 사업자 외에 면허를 받아야 하는 사업자는 육상교통청에 통행 및 운전자 관련 자료를 제출하여 야 하며, 육상교통청은 위반행위나 안전사고에 관한 사업자의 보고 의무와 조치 방안 등을 포함한 사업자 준수규범을 마련할 수 있음 □ 육상교통청은 결함이 있거나 위험성이 있는 자동차 모델의 사용을 금지하는 등 필요한 경우 모든 사업자(면허가 불필요한 소규모 	분야 상이/상식성/중복 (1차 판정 기준 동일 적용)
X	natua_yes_no_finance-7212420_k2	0.0397	yes_no	남성에 비해 여성이 비수도권과 수도권의 정규직이 더 많은 성별이지	No	(3) 교육감의 임용권 견제 미비 교과부는 교장공모제를 확대 실시하여 교육감에 집중된 교장인사권을 단위학교로 분산하겠다고 발표하였다. 그러나 현제도는 인사권 분산에 있어 5, 6차 시범적용에 비해 큰 차이가 없다. 교육감이 교육청 심사위원회의 구성에 사실상 영향력을 행사할 수도 있다는 점에서 보면, 학운위 심사에서 상위 2인을 선정하여 추천하던 5차 시범적	분야 상이/상식성/중복 (1차 판정 기준 동일 적용)
X	natua_yes_no_finance-7212420_k3	0.0397	yes_no	남성에 비해 여성이 비수도권과 수도권의 정규직이 더 많은 성별이지	No	(3) 교육감의 임용권 견제 미비 교과부는 교장공모제를 확대 실시하여 교육감에 집중된 교장인사권을 단위학교로 분산하겠다고 발표하였다. 그러나 현제도는 인사권 분산에 있어 5, 6차 시범적용에 비해 큰 차이가 없다. 교육감이 교육청 심사위원회의 구성에 사실상 영향력을 행사할 수도 있다는 점에서 보면, 학운위 심사에서 상위 2인을 선정하여 추천하던 5차 시범적	분야 상이/상식성/중복 (1차 판정 기준 동일 적용)
X	natua_yes_no_finance-6437818_k1	0.0396	yes_no	승차공유가 등장하기 전까지 지점 간 여객운송의 큰 부분을 차지했던 건 택시지	Yes	□ 경기도 청년층의 경제활동참가율은 44.6%, 고용율은 41.3%로서 전국 평균(43.2%, 39.7%)보다는 다소 높은 수준임 ○ 2013년 현재 경기도 전체 경제활동인구는 6,172천명이며 고용률은 60.0%를 기록 – 30대에서 50대까지 중장년층의 고용률은 모두 70%를 상회하여 청년층 고용률과 큰 차이를 나타냄 ○ 청년층을 제외한 30대 이상이 	분야 상이/상식성/중복 (1차 판정 기준 동일 적용)
X	natua_yes_no_finance-7212426_k1	0.0396	yes_no	학력은 등급별로 한계효과의 차이가 명확하게 드러난 거지	Yes	Ⅳ. 보완방안 1. 금융안정에 대한 측정지표 개발, 금융안정 책임에 관한 유관기관과의 MOU체결 및 금융안정협의기구 구성 추진 (1) 금융안정 측정지표 개발 금융안정을 측정하는 신뢰할 수 있는 측정 지표를 개발함으로써 금융안정을 위한 정책 방향 및 법적 책임을 명확하게 설정할 필요가 있다. 즉 금융 안정 측정지표를 개발하여 목표 인플레이션을 정하고 이를 달	분야 상이/상식성/중복 (1차 판정 기준 동일 적용)
X	natua_yes_no_finance-7212426_k2	0.0396	yes_no	학력은 등급별로 한계효과의 차이가 명확하게 드러난 거지	Yes	Ⅳ. 보완방안 1. 금융안정에 대한 측정지표 개발, 금융안정 책임에 관한 유관기관과의 MOU체결 및 금융안정협의기구 구성 추진 (1) 금융안정 측정지표 개발 금융안정을 측정하는 신뢰할 수 있는 측정 지표를 개발함으로써 금융안정을 위한 정책 방향 및 법적 책임을 명확하게 설정할 필요가 있다. 즉 금융 안정 측정지표를 개발하여 목표 인플레이션을 정하고 이를 달	분야 상이/상식성/중복 (1차 판정 기준 동일 적용)
X	natua_yes_no_finance-7212440_k1	0.0396	yes_no	지역별 고용조사는 2013년 상반기에 인터넷을 통해서만 조사한 거지	No	□ 제정 배경과 경과 ◦ 싱가포르에서는 기존의 택시 위주 규제 체계로는 승차공유의 등장과 스마트폰을 활용한 예약 서비스 도입 등 지점 간 여객운송(택시+승차공유)의 변화에 대응하기 어렵다는 점이 지적되면서 「지점 간 여객운송사업법 2019」를 제정하고 새로운 규제 프레임워크를 도입함 ◦ 해당 법률은 2019년 8월 싱가포르 국회를 통과하여 2020년 시행을	분야 상이/상식성/중복 (1차 판정 기준 동일 적용)
X	natua_yes_no_finance-7212440_k2	0.0396	yes_no	지역별 고용조사는 2013년 상반기에 인터넷을 통해서만 조사한 거지	No	□ 제정 배경과 경과 ◦ 싱가포르에서는 기존의 택시 위주 규제 체계로는 승차공유의 등장과 스마트폰을 활용한 예약 서비스 도입 등 지점 간 여객운송(택시+승차공유)의 변화에 대응하기 어렵다는 점이 지적되면서 「지점 간 여객운송사업법 2019」를 제정하고 새로운 규제 프레임워크를 도입함 ◦ 해당 법률은 2019년 8월 싱가포르 국회를 통과하여 2020년 시행을	분야 상이/상식성/중복 (1차 판정 기준 동일 적용)
X	natua_yes_no_finance-7212430_k1	0.0395	yes_no	임금수준은 비수도권과 비교했을 때 수도권에서 상대적으로 높았던 거니	Yes	(3) 교육감의 임용권 견제 미비 교과부는 교장공모제를 확대 실시하여 교육감에 집중된 교장인사권을 단위학교로 분산하겠다고 발표하였다. 그러나 현제도는 인사권 분산에 있어 5, 6차 시범적용에 비해 큰 차이가 없다. 교육감이 교육청 심사위원회의 구성에 사실상 영향력을 행사할 수도 있다는 점에서 보면, 학운위 심사에서 상위 2인을 선정하여 추천하던 5차 시범적	분야 상이/상식성/중복 (1차 판정 기준 동일 적용)
X	natua_yes_no_finance-7212430_k2	0.0395	yes_no	임금수준은 비수도권과 비교했을 때 수도권에서 상대적으로 높았던 거니	Yes	(3) 교육감의 임용권 견제 미비 교과부는 교장공모제를 확대 실시하여 교육감에 집중된 교장인사권을 단위학교로 분산하겠다고 발표하였다. 그러나 현제도는 인사권 분산에 있어 5, 6차 시범적용에 비해 큰 차이가 없다. 교육감이 교육청 심사위원회의 구성에 사실상 영향력을 행사할 수도 있다는 점에서 보면, 학운위 심사에서 상위 2인을 선정하여 추천하던 5차 시범적	분야 상이/상식성/중복 (1차 판정 기준 동일 적용)
X	natua_yes_no_finance-7212510_k3	0.0395	yes_no	외환위기 전에 비해 한국경제는 실업률이 높은 구조가 계속되고 있니	Yes	(3) 교육감의 임용권 견제 미비 교과부는 교장공모제를 확대 실시하여 교육감에 집중된 교장인사권을 단위학교로 분산하겠다고 발표하였다. 그러나 현제도는 인사권 분산에 있어 5, 6차 시범적용에 비해 큰 차이가 없다. 교육감이 교육청 심사위원회의 구성에 사실상 영향력을 행사할 수도 있다는 점에서 보면, 학운위 심사에서 상위 2인을 선정하여 추천하던 5차 시범적	분야 상이/상식성/중복 (1차 판정 기준 동일 적용)
X	natua_yes_no_finance-6794173_k3	0.0394	yes_no	금융 감독당국과 영란은행의 활동에 대한 책임은 재무부가 맡고 있지	No	(3) 승객과 운전자의 안전 보장 조치 □ 모든 사업자(면허가 불필요한 소규모 사업자 포함)는 해당 차량 운행에 필요한 직업면허를 갖춘 운전자와 보험에 가입하고 차량 검사에 합격한 차량만을 활용하여 직접 차량을 운행하거나 예약을 중개할 수 있으며, 이를 위반하는 사업자에 대해서는 육상교통청이 운전자들에게 그 사업자를 위하여 운전하는 것을 금지할 수 있음 ○	분야 상이/상식성/중복 (1차 판정 기준 동일 적용)
X	natua_yes_no_finance-6390519_k1	0.0393	yes_no	교육인적자원부는 교장을 여러 각도에서 뽑기 위해 교장공모제 시범운영 추진계획을 마련했어	Yes	3. 시사점 (1) 여객운송 산업의 변화에 대응할 수 있는 정책 체계 마련 필요 □ 우리나라 역시 다른 나라와 마찬가지로 여객운송 산업에서 큰 변화를 맞이하고 있어 기존 정책만으로 변화에 대응하는 데 어려움을 겪고 있음 ○ 우리나라의 지점 간 여객운송 산업은 최근 기존의 법제도를 적용하기 곤란한 우버 등 승차공유, 카카오택시 등 스마트폰 애플리케이션을 활용	분야 상이/상식성/중복 (1차 판정 기준 동일 적용)
X	natua_yes_no_finance-7459774_k1	0.0393	yes_no	영유아기에서 청소년기까지의 인적 자본 투자규모가 동일한 나라는 프랑스와 스웨덴일까	Yes	3. 시사점 (1) 여객운송 산업의 변화에 대응할 수 있는 정책 체계 마련 필요 □ 우리나라 역시 다른 나라와 마찬가지로 여객운송 산업에서 큰 변화를 맞이하고 있어 기존 정책만으로 변화에 대응하는 데 어려움을 겪고 있음 ○ 우리나라의 지점 간 여객운송 산업은 최근 기존의 법제도를 적용하기 곤란한 우버 등 승차공유, 카카오택시 등 스마트폰 애플리케이션을 활용	분야 상이/상식성/중복 (1차 판정 기준 동일 적용)
X	natua_yes_no_finance-7212438_k1	0.0392	yes_no	여성의 경제활동을 이끌기 위해 정부는 고용률 70퍼센트 로드맵을 세웠을까	Yes	1차 및 2차 세계대전, 금본위제의 붕괴와 경제에 관한 정부 역할에 대한 시각 변화 등에 따라 20세기 초까지 중앙은행은 공공정책 기관으로 완전히 변신하였다. 중앙은행들은 새로운 통화질서를 관리하는 임무를 갖게 되었으며, 아직 중앙은행을 설립하지 않은 국가들은 국가 거시경제에서 핵심 역할을 하는 중앙은행의 설립을 촉구 받았으며, 많은 국가에서 중앙은행의 국	분야 상이/상식성/중복 (1차 판정 기준 동일 적용)
X	natua_yes_no_finance-6437823_k3	0.0391	yes_no	도로교통법에는 승차공유 차량의 정기검사와 관련된 규제가 포함되어 있지 않아	No	(2) 유관기관간 MOU 체결 기획재정부, 금융위원회 등과 금융 안정과 관련하여 어느 기관이 어떠한 책임을 갖는지를 명확하게 하는 MOU를 체결함으로써 유관기관 간 책임관계를 분명히 하고 평상시 및 위기 시의 협력분야, 절차 등을 정할 필요가 있다. 즉 현재 정보 공유와 공동검사에 국한된 한국은행과 금융 감독당국과의 MOU가 존재하고 있으나, 유관기관이 명	분야 상이/상식성/중복 (1차 판정 기준 동일 적용)
X	natua_yes_no_finance-6390522_k2	0.0391	yes_no	서울 내 교장 선출이 필요한 일부 학교에서 초빙형 교장공모제를 시행했어	No	노인장기요양보험법 시행령 일부개정령(안) 입법예고 1. 개정사유 특별현금급여가 다른 금원과 섞이면서 해당 통장이 압류되는 경우 특별현금급여와 이를 받을 권리가 침해되는 것을 방지해 노인과 그 가족의 생활안정을 도모하려는 것을 목표로 「노인장기요양보험법」이 개정됨(법률 제14321호, 2016.12.2. 개정)에 따라 특별현금급여계좌 신청 방법·절차 및 관리	분야 상이/상식성/중복 (1차 판정 기준 동일 적용)
X	natua_yes_no_finance-6390522_k3	0.0391	yes_no	서울 내 교장 선출이 필요한 일부 학교에서 초빙형 교장공모제를 시행했어	No	노인장기요양보험법 시행령 일부개정령(안) 입법예고 1. 개정사유 특별현금급여가 다른 금원과 섞이면서 해당 통장이 압류되는 경우 특별현금급여와 이를 받을 권리가 침해되는 것을 방지해 노인과 그 가족의 생활안정을 도모하려는 것을 목표로 「노인장기요양보험법」이 개정됨(법률 제14321호, 2016.12.2. 개정)에 따라 특별현금급여계좌 신청 방법·절차 및 관리	분야 상이/상식성/중복 (1차 판정 기준 동일 적용)
X	natua_yes_no_finance-7212449_k2	0.039	yes_no	근로자의 나이에 따라 경력단절자가 다니던 직장을 그만둔 시점이 다를까	Yes	노인장기요양보험법 시행령 일부개정령(안) 입법예고 1. 개정사유 특별현금급여가 다른 금원과 섞이면서 해당 통장이 압류되는 경우 특별현금급여와 이를 받을 권리가 침해되는 것을 방지해 노인과 그 가족의 생활안정을 도모하려는 것을 목표로 「노인장기요양보험법」이 개정됨(법률 제14321호, 2016.12.2. 개정)에 따라 특별현금급여계좌 신청 방법·절차 및 관리	분야 상이/상식성/중복 (1차 판정 기준 동일 적용)
X	natua_yes_no_finance-7212449_k3	0.039	yes_no	근로자의 나이에 따라 경력단절자가 다니던 직장을 그만둔 시점이 다를까	Yes	노인장기요양보험법 시행령 일부개정령(안) 입법예고 1. 개정사유 특별현금급여가 다른 금원과 섞이면서 해당 통장이 압류되는 경우 특별현금급여와 이를 받을 권리가 침해되는 것을 방지해 노인과 그 가족의 생활안정을 도모하려는 것을 목표로 「노인장기요양보험법」이 개정됨(법률 제14321호, 2016.12.2. 개정)에 따라 특별현금급여계좌 신청 방법·절차 및 관리	분야 상이/상식성/중복 (1차 판정 기준 동일 적용)
X	natua_yes_no_finance-7212502_k2	0.039	yes_no	청년 고용률은 전 연령대의 평균 고용률과 비교했을 때 낮은 수치를 보이고 있니	Yes	□ 제정 배경과 경과 ◦ 싱가포르에서는 기존의 택시 위주 규제 체계로는 승차공유의 등장과 스마트폰을 활용한 예약 서비스 도입 등 지점 간 여객운송(택시+승차공유)의 변화에 대응하기 어렵다는 점이 지적되면서 「지점 간 여객운송사업법 2019」를 제정하고 새로운 규제 프레임워크를 도입함 ◦ 해당 법률은 2019년 8월 싱가포르 국회를 통과하여 2020년 시행을	분야 상이/상식성/중복 (1차 판정 기준 동일 적용)
X	natua_yes_no_finance-7212502_k3	0.039	yes_no	청년 고용률은 전 연령대의 평균 고용률과 비교했을 때 낮은 수치를 보이고 있니	Yes	□ 제정 배경과 경과 ◦ 싱가포르에서는 기존의 택시 위주 규제 체계로는 승차공유의 등장과 스마트폰을 활용한 예약 서비스 도입 등 지점 간 여객운송(택시+승차공유)의 변화에 대응하기 어렵다는 점이 지적되면서 「지점 간 여객운송사업법 2019」를 제정하고 새로운 규제 프레임워크를 도입함 ◦ 해당 법률은 2019년 8월 싱가포르 국회를 통과하여 2020년 시행을	분야 상이/상식성/중복 (1차 판정 기준 동일 적용)
X	natua_yes_no_finance-7212443_k1	0.0389	yes_no	남성과 여성의 성별 고용률 차이가 제일 적게 나타난 곳은 서울일까	Yes	□ 시사점 ◦ 우리나라도 싱가포르의 정책 사례를 참고하여 ① 스마트폰 애플리케이션을 활용한 서비스 도입 등 여객운송 산업에서 지금까지 나타난 변화에 대응하고 자율주행자동차의 등장 등 앞으로 다가올 더 큰 변화에 효과적으로 대응할 수 있도록 새로운 여객운송 정책 체계를 마련하고 ② 그 과정에서 정책 당사자의 소통과 협력을 통하여 정책 수립의 효율성 및 신뢰성	분야 상이/상식성/중복 (1차 판정 기준 동일 적용)
X	natua_yes_no_finance-6794166_k3	0.0388	yes_no	균형이 잡히는 방향으로 금융 안정과 물가 안정 간 충돌관계로 발생한 리스크가 해소 됐니	No	(2) 공정성과 참여확대 동시 추구 학부모와 교사 등 단위학교 구성원의 참여를 실질적으로 확대시킬 수 있는 방안을 모색할 필요가 있다. 학교 심사위원회가 적임자가 아니라고 판단할 경우는 2단계의 심사대상자로 추천하지 않는 것도 방안이 될 수 있다. 공정성을 강화하기 위한다는 구실로 단위학교의 참여를 크게 제한하는 방식은 설득력이 그리 높지 않다. 교과부가 	분야 상이/상식성/중복 (1차 판정 기준 동일 적용)
X	natua_yes_no_finance-7636470_k1	0.0386	yes_no	비정규직 비율이 수도권에 비해 비수도권에서 9퍼센트 높게 나온 업종은 단순노무직일까	Yes	(3) 교육감의 임용권 견제 미비 교과부는 교장공모제를 확대 실시하여 교육감에 집중된 교장인사권을 단위학교로 분산하겠다고 발표하였다. 그러나 현제도는 인사권 분산에 있어 5, 6차 시범적용에 비해 큰 차이가 없다. 교육감이 교육청 심사위원회의 구성에 사실상 영향력을 행사할 수도 있다는 점에서 보면, 학운위 심사에서 상위 2인을 선정하여 추천하던 5차 시범적	분야 상이/상식성/중복 (1차 판정 기준 동일 적용)
X	natua_yes_no_finance-7636470_k2	0.0386	yes_no	비정규직 비율이 수도권에 비해 비수도권에서 9퍼센트 높게 나온 업종은 단순노무직일까	Yes	(3) 교육감의 임용권 견제 미비 교과부는 교장공모제를 확대 실시하여 교육감에 집중된 교장인사권을 단위학교로 분산하겠다고 발표하였다. 그러나 현제도는 인사권 분산에 있어 5, 6차 시범적용에 비해 큰 차이가 없다. 교육감이 교육청 심사위원회의 구성에 사실상 영향력을 행사할 수도 있다는 점에서 보면, 학운위 심사에서 상위 2인을 선정하여 추천하던 5차 시범적	분야 상이/상식성/중복 (1차 판정 기준 동일 적용)
X	natua_yes_no_finance-6437839_k1	0.0383	yes_no	자율주행자동차 운행에 대비해 여객운송 체계를 새롭게 바꿀 필요는 없는 걸까	No	보육 서비스의 공급 측면에서 보육 보조교사 확보함으로써 보육시간을 연장 운영하는 방안은 영유아 보육경험이 있는 중장년층 여성의 시간제 일자리를 창출한다는 점에서 여성 고용 증진에 기여할 것으로 기대된다. 또한 기존 보육시설의 활용도를 최대한 높일 여지가 있는 것으로 보인다. 수요조사를 바탕으로 필요한 경우 기존 지자체 소속 어린이집의 수용규모를 확대하고 이	분야 상이/상식성/중복 (1차 판정 기준 동일 적용)
X	natua_yes_no_finance-7212439_k1	0.0383	yes_no	2013년 상반기에 이뤄진 지역별 고용조사 방법은 인터넷으로만 한 거지	No	셋째, 한국은행의 목적을 규정한 한국은행 법의 목적 조항(제1조)에서 금융 안정에 유의하여야 함을 규정하고 있다는 사실이다. 또한 이와 같이 목적 조항을 개정함과 동시에 이를 뒷받침하기 위하여 긴급 유동성 지원 제도 개편, 공개시장조작 방식에 증권 대차 추가, 지급준비금 적립 대상 채무 확대 등의 개정이 이루어진 사실도 금융 안정이 한국은행의 목적의 하나임	분야 상이/상식성/중복 (1차 판정 기준 동일 적용)
X	natua_yes_no_finance-7212439_k2	0.0383	yes_no	2013년 상반기에 이뤄진 지역별 고용조사 방법은 인터넷으로만 한 거지	No	셋째, 한국은행의 목적을 규정한 한국은행 법의 목적 조항(제1조)에서 금융 안정에 유의하여야 함을 규정하고 있다는 사실이다. 또한 이와 같이 목적 조항을 개정함과 동시에 이를 뒷받침하기 위하여 긴급 유동성 지원 제도 개편, 공개시장조작 방식에 증권 대차 추가, 지급준비금 적립 대상 채무 확대 등의 개정이 이루어진 사실도 금융 안정이 한국은행의 목적의 하나임	분야 상이/상식성/중복 (1차 판정 기준 동일 적용)
X	natua_yes_no_finance-7687377_k3	0.0383	yes_no	20대 후반의 여성은 경기도에서 전국 평균과 비교했을 때 경력단절 기간이 다소 짧은 편이니	Yes	(4) 갑작스런 확대실시 결정으로 인한 준비 미흡 논란 3년간의 시범적용 기간 동안 전국 초ㆍ중ㆍ고교의 약 5%를 대상으로 실시했던 교장공모제를 교과부는 2010년도 교장 결원 예정학교의 50~100%로 갑작스럽게 확대하였다. 이로 인해 아무런 사전준비나 논의가 없었던 대다수의 학교에서는 시행기간이 촉박하고 지원체제가 미흡하여 어려움을 겪은 것으로 나타났다	분야 상이/상식성/중복 (1차 판정 기준 동일 적용)
X	natua_yes_no_finance-6390519_k2	0.0381	yes_no	교육인적자원부는 교장을 여러 각도에서 뽑기 위해 교장공모제 시범운영 추진계획을 마련했어	Yes	□ 제정 배경과 경과 ◦ 싱가포르에서는 기존의 택시 위주 규제 체계로는 승차공유의 등장과 스마트폰을 활용한 예약 서비스 도입 등 지점 간 여객운송(택시+승차공유)의 변화에 대응하기 어렵다는 점이 지적되면서 「지점 간 여객운송사업법 2019」를 제정하고 새로운 규제 프레임워크를 도입함 ◦ 해당 법률은 2019년 8월 싱가포르 국회를 통과하여 2020년 시행을	분야 상이/상식성/중복 (1차 판정 기준 동일 적용)
X	natua_yes_no_finance-6390519_k3	0.0381	yes_no	교육인적자원부는 교장을 여러 각도에서 뽑기 위해 교장공모제 시범운영 추진계획을 마련했어	Yes	□ 제정 배경과 경과 ◦ 싱가포르에서는 기존의 택시 위주 규제 체계로는 승차공유의 등장과 스마트폰을 활용한 예약 서비스 도입 등 지점 간 여객운송(택시+승차공유)의 변화에 대응하기 어렵다는 점이 지적되면서 「지점 간 여객운송사업법 2019」를 제정하고 새로운 규제 프레임워크를 도입함 ◦ 해당 법률은 2019년 8월 싱가포르 국회를 통과하여 2020년 시행을	분야 상이/상식성/중복 (1차 판정 기준 동일 적용)
X	natua_yes_no_finance-7212435_k3	0.0381	yes_no	한국 여성의 경제활동은 OECD 국가의 참가율과 비교했을 때 큰 차이가 있지	Yes	(3) 스위스국립은행법은 스위스국립은행은 통화정책을 수행하고, 물가안정을 유지하여야 하며, 이러한 틀 속에서 금융시스템의 안정에 기여하여야 함을 명시하고 있다. 스위스국립은행법 제5조 1. 국립은행은 전반적인 국가의 이익에 기여하는 통화정책을 수행하며 물가안정을 유지한다. 이러한 업무를 수행함에 있어서 경제발전을 고려하여야 한다. 2. 국립은행은 다음과 같	분야 상이/상식성/중복 (1차 판정 기준 동일 적용)
X	natua_yes_no_finance-6794155_k1	0.038	yes_no	금융위원회와 기획재정부의 정확한 금융 안정 책임관계가 성립되어 있을까	No	금융위원회와 그 소속기관 직제 시행규칙 일부개정령(안) 입법예고 1. 개정이유 신용정보회사 등의 관리 강화를 위하여 필요한 인력 1명(5급 1명)을 증원하고, 인력 관리의 효율성을 높이기 위하여 금융위원회 인력 1명(기록연구사 1명)을 금융정보분석원으로 재배정하는 것으로「금융위원회와 그 소속기관 직제」(대통령령 제00000호, 2016. 00. 00. 공포	분야 상이/상식성/중복 (1차 판정 기준 동일 적용)
X	natua_yes_no_finance-6794155_k2	0.038	yes_no	금융위원회와 기획재정부의 정확한 금융 안정 책임관계가 성립되어 있을까	No	금융위원회와 그 소속기관 직제 시행규칙 일부개정령(안) 입법예고 1. 개정이유 신용정보회사 등의 관리 강화를 위하여 필요한 인력 1명(5급 1명)을 증원하고, 인력 관리의 효율성을 높이기 위하여 금융위원회 인력 1명(기록연구사 1명)을 금융정보분석원으로 재배정하는 것으로「금융위원회와 그 소속기관 직제」(대통령령 제00000호, 2016. 00. 00. 공포	분야 상이/상식성/중복 (1차 판정 기준 동일 적용)
X	natua_yes_no_finance-7420348_k3	0.0378	yes_no	금융 감독당국이 공제조합과 신용조합의 인허가와 건전성 관련 감독은 담당하고 있지	Yes	〈은행 관련기관(Bank-Related Organization)에 대한 사후 감독〉 은행 관련기관은 은행을 지배하는 기업 및 은행을 지배하는 기업에 의해 지배되는 기업으로 정의한다(Federal Reserve Act). 은행의 자회사는 은행 또는 은행을 지배하는 기업을 직접, 간접으로 지배하는 주주에 의해 (또는 그러한 주주를 위해) 직접, 간접으로 지배되	분야 상이/상식성/중복 (1차 판정 기준 동일 적용)
X	natua_yes_no_finance-6390526_k3	0.0378	yes_no	교장공모제의 변경된 심사단계에 의하면 학교운영위원이 심사에 참가하는 비중이 50퍼센트나 감소했어	Yes	□ 한국은행은 지난 3월 30일부터 약 한달간 일반 국민들과 소통의 폭을 넓혀 나가기 위하여 처음으로 ｢한국은행 스토리텔링｣을 공모하였음     ㅇ 공모내용은 한국은행과 관련한 미담이나 체험담을 600자 내외로 엮은 스토리임 □ 공모 결과 전국 각지에서 총 196명이 응모하였으며, 1차 심사에서 100편의 후보작을 뽑은 후 외부 심사위원이 포함된 2차 심사	분야 상이/상식성/중복 (1차 판정 기준 동일 적용)
X	natua_yes_no_finance-6794151_k2	0.0377	yes_no	한국은행 법에 한국은행의 목적에 관한 내용이 명시되어 있지	Yes	□ 소규모 사업자 외에 면허를 받아야 하는 사업자는 육상교통청에 통행 및 운전자 관련 자료를 제출하여 야 하며, 육상교통청은 위반행위나 안전사고에 관한 사업자의 보고 의무와 조치 방안 등을 포함한 사업자 준수규범을 마련할 수 있음 □ 육상교통청은 결함이 있거나 위험성이 있는 자동차 모델의 사용을 금지하는 등 필요한 경우 모든 사업자(면허가 불필요한 소규모 	분야 상이/상식성/중복 (1차 판정 기준 동일 적용)
X	natua_yes_no_finance-6794151_k3	0.0377	yes_no	한국은행 법에 한국은행의 목적에 관한 내용이 명시되어 있지	Yes	□ 소규모 사업자 외에 면허를 받아야 하는 사업자는 육상교통청에 통행 및 운전자 관련 자료를 제출하여 야 하며, 육상교통청은 위반행위나 안전사고에 관한 사업자의 보고 의무와 조치 방안 등을 포함한 사업자 준수규범을 마련할 수 있음 □ 육상교통청은 결함이 있거나 위험성이 있는 자동차 모델의 사용을 금지하는 등 필요한 경우 모든 사업자(면허가 불필요한 소규모 	분야 상이/상식성/중복 (1차 판정 기준 동일 적용)
X	natua_yes_no_finance-6794152_k2	0.0377	yes_no	한은의 목적과 관련된 사항이 한은 법에 기록되어 있니	Yes	□ 소규모 사업자 외에 면허를 받아야 하는 사업자는 육상교통청에 통행 및 운전자 관련 자료를 제출하여 야 하며, 육상교통청은 위반행위나 안전사고에 관한 사업자의 보고 의무와 조치 방안 등을 포함한 사업자 준수규범을 마련할 수 있음 □ 육상교통청은 결함이 있거나 위험성이 있는 자동차 모델의 사용을 금지하는 등 필요한 경우 모든 사업자(면허가 불필요한 소규모 	분야 상이/상식성/중복 (1차 판정 기준 동일 적용)
X	natua_yes_no_finance-6794152_k3	0.0377	yes_no	한은의 목적과 관련된 사항이 한은 법에 기록되어 있니	Yes	□ 소규모 사업자 외에 면허를 받아야 하는 사업자는 육상교통청에 통행 및 운전자 관련 자료를 제출하여 야 하며, 육상교통청은 위반행위나 안전사고에 관한 사업자의 보고 의무와 조치 방안 등을 포함한 사업자 준수규범을 마련할 수 있음 □ 육상교통청은 결함이 있거나 위험성이 있는 자동차 모델의 사용을 금지하는 등 필요한 경우 모든 사업자(면허가 불필요한 소규모 	분야 상이/상식성/중복 (1차 판정 기준 동일 적용)
X	natua_yes_no_finance-7212440_k3	0.0377	yes_no	지역별 고용조사는 2013년 상반기에 인터넷을 통해서만 조사한 거지	No	노숙인 등의 복지 및 자립지원에 관한 법률 시행규칙 일부개정령(안) 입법예고 1. 개정이유 노숙인자활시설 및 노숙인종합지원센터 이용현황 보고 주기를 숙인재활시설 및 노숙인요양시설 이용현황 보고 주기와 동일하게 반기별 1회로 개선하여 부담을 완화하고자 함. 2. 주요내용 가. 노숙인자활시설 및 노숙인종합지원센터 이용현황 보고 주기를 분기별 1회에서 반기별 1	분야 상이/상식성/중복 (1차 판정 기준 동일 적용)
X	natua_yes_no_finance-7212412_k3	0.0375	yes_no	수도권에서만 대졸 이상의 정규직과 비정규직 간 임금격차가 나타났니	Yes	(2) 당사자 간 지속적인 소통과 협력을 통한 정책 마련 □ 우리나라에서는 현재 당사자들이 첨예하게 대립하고 있고, 정책 당사자의 참여를 통한 지속적인 소통과 협력이 이루어지지 못해 효과적인 정책의 수립·집행이 제한되고 있음 □ 싱가포르의 경우 새로운 규제 프레임워크를 도입하는 과정에 정책 당사자인 운전자, 택시협회, 승차공유차량협회, 사업자, 일반 국민이	분야 상이/상식성/중복 (1차 판정 기준 동일 적용)
X	natua_yes_no_finance-7212426_k3	0.0375	yes_no	학력은 등급별로 한계효과의 차이가 명확하게 드러난 거지	Yes	(2) 유관기관간 MOU 체결 기획재정부, 금융위원회 등과 금융 안정과 관련하여 어느 기관이 어떠한 책임을 갖는지를 명확하게 하는 MOU를 체결함으로써 유관기관 간 책임관계를 분명히 하고 평상시 및 위기 시의 협력분야, 절차 등을 정할 필요가 있다. 즉 현재 정보 공유와 공동검사에 국한된 한국은행과 금융 감독당국과의 MOU가 존재하고 있으나, 유관기관이 명	분야 상이/상식성/중복 (1차 판정 기준 동일 적용)
X	natua_yes_no_finance-7459774_k2	0.0375	yes_no	영유아기에서 청소년기까지의 인적 자본 투자규모가 동일한 나라는 프랑스와 스웨덴일까	Yes	□ 시사점 ◦ 우리나라도 싱가포르의 정책 사례를 참고하여 ① 스마트폰 애플리케이션을 활용한 서비스 도입 등 여객운송 산업에서 지금까지 나타난 변화에 대응하고 자율주행자동차의 등장 등 앞으로 다가올 더 큰 변화에 효과적으로 대응할 수 있도록 새로운 여객운송 정책 체계를 마련하고 ② 그 과정에서 정책 당사자의 소통과 협력을 통하여 정책 수립의 효율성 및 신뢰성	분야 상이/상식성/중복 (1차 판정 기준 동일 적용)
X	natua_yes_no_finance-6794150_k2	0.0372	yes_no	중앙은행은 금융 안정 성취를 그 목적으로 두고 있니	Yes	노인장기요양보험법 시행령 일부개정령(안) 입법예고 1. 개정사유 특별현금급여가 다른 금원과 섞이면서 해당 통장이 압류되는 경우 특별현금급여와 이를 받을 권리가 침해되는 것을 방지해 노인과 그 가족의 생활안정을 도모하려는 것을 목표로 「노인장기요양보험법」이 개정됨(법률 제14321호, 2016.12.2. 개정)에 따라 특별현금급여계좌 신청 방법·절차 및 관리	분야 상이/상식성/중복 (1차 판정 기준 동일 적용)
X	natua_yes_no_finance-6794150_k3	0.0372	yes_no	중앙은행은 금융 안정 성취를 그 목적으로 두고 있니	Yes	노인장기요양보험법 시행령 일부개정령(안) 입법예고 1. 개정사유 특별현금급여가 다른 금원과 섞이면서 해당 통장이 압류되는 경우 특별현금급여와 이를 받을 권리가 침해되는 것을 방지해 노인과 그 가족의 생활안정을 도모하려는 것을 목표로 「노인장기요양보험법」이 개정됨(법률 제14321호, 2016.12.2. 개정)에 따라 특별현금급여계좌 신청 방법·절차 및 관리	분야 상이/상식성/중복 (1차 판정 기준 동일 적용)
X	natua_yes_no_finance-7715040_k3	0.037	yes_no	서비스직은 비수도권과 수도권에서 비정규직 시간당 임금수준이 단순노무직과 유사하게 낮았던 직종이니	Yes	□ 제정 배경과 경과 ◦ 싱가포르에서는 기존의 택시 위주 규제 체계로는 승차공유의 등장과 스마트폰을 활용한 예약 서비스 도입 등 지점 간 여객운송(택시+승차공유)의 변화에 대응하기 어렵다는 점이 지적되면서 「지점 간 여객운송사업법 2019」를 제정하고 새로운 규제 프레임워크를 도입함 ◦ 해당 법률은 2019년 8월 싱가포르 국회를 통과하여 2020년 시행을	분야 상이/상식성/중복 (1차 판정 기준 동일 적용)
X	natua_yes_no_finance-7688392_k3	0.037	yes_no	인구성장률의 경우 경기도에서 더 감소하게 될 것으로 예측되니	Yes	(2) 공정성과 참여확대 동시 추구 학부모와 교사 등 단위학교 구성원의 참여를 실질적으로 확대시킬 수 있는 방안을 모색할 필요가 있다. 학교 심사위원회가 적임자가 아니라고 판단할 경우는 2단계의 심사대상자로 추천하지 않는 것도 방안이 될 수 있다. 공정성을 강화하기 위한다는 구실로 단위학교의 참여를 크게 제한하는 방식은 설득력이 그리 높지 않다. 교과부가 	분야 상이/상식성/중복 (1차 판정 기준 동일 적용)
X	natua_yes_no_finance-7192061_k3	0.0368	yes_no	금융 안정에 관해 평가 결과를 노르웨이 중앙은행은 재무부에 제출해야 해	Yes	□ 경기도 청년층의 경제활동참가율은 44.6%, 고용율은 41.3%로서 전국 평균(43.2%, 39.7%)보다는 다소 높은 수준임 ○ 2013년 현재 경기도 전체 경제활동인구는 6,172천명이며 고용률은 60.0%를 기록 – 30대에서 50대까지 중장년층의 고용률은 모두 70%를 상회하여 청년층 고용률과 큰 차이를 나타냄 ○ 청년층을 제외한 30대 이상이 	분야 상이/상식성/중복 (1차 판정 기준 동일 적용)
X	natua_yes_no_finance-6794164_k3	0.0364	yes_no	금융 안정협의기구를 설립은 금융안정이라는 목표를 달성하기 위한 필요조건이야	Yes	(2) 공정성과 참여확대 동시 추구 학부모와 교사 등 단위학교 구성원의 참여를 실질적으로 확대시킬 수 있는 방안을 모색할 필요가 있다. 학교 심사위원회가 적임자가 아니라고 판단할 경우는 2단계의 심사대상자로 추천하지 않는 것도 방안이 될 수 있다. 공정성을 강화하기 위한다는 구실로 단위학교의 참여를 크게 제한하는 방식은 설득력이 그리 높지 않다. 교과부가 	분야 상이/상식성/중복 (1차 판정 기준 동일 적용)
X	natua_yes_no_finance-6437815_k3	0.0364	yes_no	자율주행자동차의 출현에 대응하기 위해서 참조할 만한 건 싱가포르의 정책 사례지	Yes	실제로 한국의 여성 노동 시장참여율은 선진국에 비해 낮은 수준으로 정책적 개입의 여지가 큰 것으로 사료된다. [그림1]에서 확인할 수 있듯이 2013년 15-64세 인구 중 여성의 경제활동참가율은 53.9%로 약 60~80%의 수준을 보이는 대부분 OECD 국가와의 차이가 크다. 또한 대한민국 합계출산율은 2013년에 가임기 여성의 1명당 1.19명으로 1	분야 상이/상식성/중복 (1차 판정 기준 동일 적용)
X	natua_yes_no_finance-6437838_k1	0.0364	yes_no	법제도를 적용하기에 우버나 카카오택시나 타다서비스같이 새롭게 등장한 여객운송 산업도 무리 없지	No	4. 개선방향 교장공모제는 교장인사제도의 개혁이자 학교자율화 정책의 핵심과제이다. 그러므로 앞에서 언급한 문제점을 보완하여 학교현장에 성공적으로 정착시키기 위한 노력이 필요하다. 이를 위한 개선방향을 제시하면 다음과 같다. (1) 단위학교의 선택권 강화 필요 교장공모제를 통하여 교장인사권의 분산을 도모한다면 제도 도입 여부 및 유형에 대한 선택권을 구성원들	분야 상이/상식성/중복 (1차 판정 기준 동일 적용)
X	natua_yes_no_finance-6390524_k1	0.0364	yes_no	교장임용을 실시할 때 서울시교육청은 대상학교의 일부에만 공모제를 적용했어	No	고용보험법 시행령 일부개정령(안) 입법예고 1. 개정이유 기존에 직업안정기관의 장에게 위임하던 피보험자격관리 업무를 근로복지공단에 위탁함으로써 현재 고용보험의 적용 및 보험료 부과 업무와 고용보험 피보험자격관리 업무의 이원화에 따라 나타나는 행정 비효율 및 국민 불편사항 등을 개선하려는 것임 2. 주요내용 가. 피보험자격관리 업무를 근로복지공단에 위탁(안 	분야 상이/상식성/중복 (1차 판정 기준 동일 적용)
X	natua_yes_no_finance-7212456_k1	0.0363	yes_no	경기지역은 전국 평균에 비해 더 높은 출산율을 보이고 있니	Yes	(2) 2010년 확대실시 및 심사절차 교과부는 올해 9월 교장임용에서 768개교의 교장 결원 예정학교 가운데 56%인 436개교에서 초빙형 교장공모제를 실시하겠다고 발표하였다. 서울은 결원 학교수의 100%인 76개교에서 실시하였고, 인천은 약 67%, 그 밖의 지역은 약 50%에서 초빙형 교장공모제를 실시하였다. 교장공모 신청 결과 전국 평균경쟁률은 4	분야 상이/상식성/중복 (1차 판정 기준 동일 적용)
X	natua_yes_no_finance-7212456_k2	0.0363	yes_no	경기지역은 전국 평균에 비해 더 높은 출산율을 보이고 있니	Yes	(2) 2010년 확대실시 및 심사절차 교과부는 올해 9월 교장임용에서 768개교의 교장 결원 예정학교 가운데 56%인 436개교에서 초빙형 교장공모제를 실시하겠다고 발표하였다. 서울은 결원 학교수의 100%인 76개교에서 실시하였고, 인천은 약 67%, 그 밖의 지역은 약 50%에서 초빙형 교장공모제를 실시하였다. 교장공모 신청 결과 전국 평균경쟁률은 4	분야 상이/상식성/중복 (1차 판정 기준 동일 적용)
X	natua_yes_no_finance-7462332_k1	0.0362	yes_no	삼 개월 정도의 짧은 휴직이 임금에 영향을 줬을까	No	Ⅳ. 보완방안 1. 금융안정에 대한 측정지표 개발, 금융안정 책임에 관한 유관기관과의 MOU체결 및 금융안정협의기구 구성 추진 (1) 금융안정 측정지표 개발 금융안정을 측정하는 신뢰할 수 있는 측정 지표를 개발함으로써 금융안정을 위한 정책 방향 및 법적 책임을 명확하게 설정할 필요가 있다. 즉 금융 안정 측정지표를 개발하여 목표 인플레이션을 정하고 이를 달	분야 상이/상식성/중복 (1차 판정 기준 동일 적용)
X	natua_yes_no_finance-7462332_k2	0.0362	yes_no	삼 개월 정도의 짧은 휴직이 임금에 영향을 줬을까	No	Ⅳ. 보완방안 1. 금융안정에 대한 측정지표 개발, 금융안정 책임에 관한 유관기관과의 MOU체결 및 금융안정협의기구 구성 추진 (1) 금융안정 측정지표 개발 금융안정을 측정하는 신뢰할 수 있는 측정 지표를 개발함으로써 금융안정을 위한 정책 방향 및 법적 책임을 명확하게 설정할 필요가 있다. 즉 금융 안정 측정지표를 개발하여 목표 인플레이션을 정하고 이를 달	분야 상이/상식성/중복 (1차 판정 기준 동일 적용)
X	natua_yes_no_finance-6794125_k2	0.0361	yes_no	중앙은행의 역할과 목적은 나라별 상황에 맞게 여러 모습으로 성장해왔어	Yes	반면, [그림 8]의 패널 (2)에서 보는 바와 같이 경기도내 지역에 따라 성별 고용률 차이와 출산율 사이에는 뚜렷한 음의 상관관계를 찾을 수 있다. 구체적으로 경기도에서 성별 고용률 격차가 가장 큰 지역은 오산시(32.7%p), 화성시(30.6%p), 남양주시(30.1%p), 용인시(29.5%p), 시흥시(29.5%p) 순으로 나타났고, 가장 낮은 지역은	분야 상이/상식성/중복 (1차 판정 기준 동일 적용)
X	natua_yes_no_finance-6794125_k3	0.0361	yes_no	중앙은행의 역할과 목적은 나라별 상황에 맞게 여러 모습으로 성장해왔어	Yes	반면, [그림 8]의 패널 (2)에서 보는 바와 같이 경기도내 지역에 따라 성별 고용률 차이와 출산율 사이에는 뚜렷한 음의 상관관계를 찾을 수 있다. 구체적으로 경기도에서 성별 고용률 격차가 가장 큰 지역은 오산시(32.7%p), 화성시(30.6%p), 남양주시(30.1%p), 용인시(29.5%p), 시흥시(29.5%p) 순으로 나타났고, 가장 낮은 지역은	분야 상이/상식성/중복 (1차 판정 기준 동일 적용)
X	natua_yes_no_finance-6794156_k3	0.0361	yes_no	금융 안정에 대한 책임관계가 기획재정부와 금융위원회 간에 적확하게 구성되어 있니	No	3. 시사점 (1) 여객운송 산업의 변화에 대응할 수 있는 정책 체계 마련 필요 □ 우리나라 역시 다른 나라와 마찬가지로 여객운송 산업에서 큰 변화를 맞이하고 있어 기존 정책만으로 변화에 대응하는 데 어려움을 겪고 있음 ○ 우리나라의 지점 간 여객운송 산업은 최근 기존의 법제도를 적용하기 곤란한 우버 등 승차공유, 카카오택시 등 스마트폰 애플리케이션을 활용	분야 상이/상식성/중복 (1차 판정 기준 동일 적용)
X	natua_yes_no_finance-7212422_k1	0.0361	yes_no	3년 이상 근속자의 비율은 비수도권과 수도권의 정규직에서 매우 컸던 거니	Yes	(3) 교육감의 임용권 견제 미비 교과부는 교장공모제를 확대 실시하여 교육감에 집중된 교장인사권을 단위학교로 분산하겠다고 발표하였다. 그러나 현제도는 인사권 분산에 있어 5, 6차 시범적용에 비해 큰 차이가 없다. 교육감이 교육청 심사위원회의 구성에 사실상 영향력을 행사할 수도 있다는 점에서 보면, 학운위 심사에서 상위 2인을 선정하여 추천하던 5차 시범적	분야 상이/상식성/중복 (1차 판정 기준 동일 적용)
X	natua_yes_no_finance-7212422_k2	0.0361	yes_no	3년 이상 근속자의 비율은 비수도권과 수도권의 정규직에서 매우 컸던 거니	Yes	(3) 교육감의 임용권 견제 미비 교과부는 교장공모제를 확대 실시하여 교육감에 집중된 교장인사권을 단위학교로 분산하겠다고 발표하였다. 그러나 현제도는 인사권 분산에 있어 5, 6차 시범적용에 비해 큰 차이가 없다. 교육감이 교육청 심사위원회의 구성에 사실상 영향력을 행사할 수도 있다는 점에서 보면, 학운위 심사에서 상위 2인을 선정하여 추천하던 5차 시범적	분야 상이/상식성/중복 (1차 판정 기준 동일 적용)
X	natua_yes_no_finance-6794126_k1	0.036	yes_no	국가별 상황에 맞춰 중앙은행의 역할과 목적은 다양한 형태로 발전해왔어	Yes	이와 같은 결과는 동일한 규모의 지원 시 여성 고용을 증진시키는 방안으로 육아휴직 지원이 보육료 지원보다 더 효과적임을 의미한다. 그러나 보다 정확한 해석을 위해서는 두 정책 사이의 다양한 차이점이 이해할 필요가 있다. 우선 주로 취업 중인 임금 근로자가 육아휴직제도의 혜택을 누릴 수 있는 반면, 보육료 지원은 취업 여부와 상관없이 받을 수 있다는 점을 고	분야 상이/상식성/중복 (1차 판정 기준 동일 적용)
X	natua_yes_no_finance-6794126_k2	0.036	yes_no	국가별 상황에 맞춰 중앙은행의 역할과 목적은 다양한 형태로 발전해왔어	Yes	이와 같은 결과는 동일한 규모의 지원 시 여성 고용을 증진시키는 방안으로 육아휴직 지원이 보육료 지원보다 더 효과적임을 의미한다. 그러나 보다 정확한 해석을 위해서는 두 정책 사이의 다양한 차이점이 이해할 필요가 있다. 우선 주로 취업 중인 임금 근로자가 육아휴직제도의 혜택을 누릴 수 있는 반면, 보육료 지원은 취업 여부와 상관없이 받을 수 있다는 점을 고	분야 상이/상식성/중복 (1차 판정 기준 동일 적용)
X	natua_yes_no_finance-7212436_k3	0.0357	yes_no	OECD 국가의 참가율에 비해 한국 여성의 경제활동은 큰 차이가 나지	Yes	(3) 스위스국립은행법은 스위스국립은행은 통화정책을 수행하고, 물가안정을 유지하여야 하며, 이러한 틀 속에서 금융시스템의 안정에 기여하여야 함을 명시하고 있다. 스위스국립은행법 제5조 1. 국립은행은 전반적인 국가의 이익에 기여하는 통화정책을 수행하며 물가안정을 유지한다. 이러한 업무를 수행함에 있어서 경제발전을 고려하여야 한다. 2. 국립은행은 다음과 같	분야 상이/상식성/중복 (1차 판정 기준 동일 적용)
X	natua_yes_no_finance-7212438_k2	0.0357	yes_no	여성의 경제활동을 이끌기 위해 정부는 고용률 70퍼센트 로드맵을 세웠을까	Yes	(나) 노르웨이 노르웨이의 금융 안정 기능은 재무부와 금융 감독당국, 중앙은행으로 분담되어 있다. 재무부는 노르웨이의 금융산업이 원활하게 그 기능을 수행할 수 있도록 하는 전반적인 책임을 부담한다. 재무부는 금융위기 시 세 기관의 활동을 조정하는 중요한 역할을 한다. 중앙은행과 금융 감독당국의 책임은 중앙은행 법, 금융 감독 법과 금융산업 관련 기타 법령에	분야 상이/상식성/중복 (1차 판정 기준 동일 적용)
X	natua_yes_no_finance-7021992_k1	0.0356	yes_no	보건산업정책국 대신 보건의료정책실이 생명윤리정책과를 관리하는 걸로 바뀌지	Yes	(2) 영란은행법은 통화정책과 관련하여 영란은행의 목적은 물가안정 유지 및 정부의 경제정책 지원이라고 규정하면서 별도로 금융시스템의 안정성을 유지하고 제고하는데 기여하는 것이 영란은행의 목적이라고 명시하고 있다. 또한 금융안정 목적을 위하여 재무부 및 금융감독당국과 협력하여야 함을 규정하고 있다. 영란은행법 제2조A(금융안정목적) : (1) 영란은행의 목적	분야 상이/상식성/중복 (1차 판정 기준 동일 적용)
X	natua_yes_no_finance-7021992_k2	0.0356	yes_no	보건산업정책국 대신 보건의료정책실이 생명윤리정책과를 관리하는 걸로 바뀌지	Yes	(2) 영란은행법은 통화정책과 관련하여 영란은행의 목적은 물가안정 유지 및 정부의 경제정책 지원이라고 규정하면서 별도로 금융시스템의 안정성을 유지하고 제고하는데 기여하는 것이 영란은행의 목적이라고 명시하고 있다. 또한 금융안정 목적을 위하여 재무부 및 금융감독당국과 협력하여야 함을 규정하고 있다. 영란은행법 제2조A(금융안정목적) : (1) 영란은행의 목적	분야 상이/상식성/중복 (1차 판정 기준 동일 적용)
X	natua_yes_no_finance-6390536_k3	0.0356	yes_no	교장공모제 심사를 위해 당일 바로 선정된 심사위원 중에 일반 학부모는 없지	No	보육 서비스의 공급 측면에서 보육 보조교사 확보함으로써 보육시간을 연장 운영하는 방안은 영유아 보육경험이 있는 중장년층 여성의 시간제 일자리를 창출한다는 점에서 여성 고용 증진에 기여할 것으로 기대된다. 또한 기존 보육시설의 활용도를 최대한 높일 여지가 있는 것으로 보인다. 수요조사를 바탕으로 필요한 경우 기존 지자체 소속 어린이집의 수용규모를 확대하고 이	분야 상이/상식성/중복 (1차 판정 기준 동일 적용)
X	natua_yes_no_finance-7212441_k3	0.0356	yes_no	학력 그룹은 연령별 고용률이 달라지는 데 영향을 주고 있지	Yes	Ⅳ. 보완방안 1. 금융안정에 대한 측정지표 개발, 금융안정 책임에 관한 유관기관과의 MOU체결 및 금융안정협의기구 구성 추진 (1) 금융안정 측정지표 개발 금융안정을 측정하는 신뢰할 수 있는 측정 지표를 개발함으로써 금융안정을 위한 정책 방향 및 법적 책임을 명확하게 설정할 필요가 있다. 즉 금융 안정 측정지표를 개발하여 목표 인플레이션을 정하고 이를 달	분야 상이/상식성/중복 (1차 판정 기준 동일 적용)
X	natua_yes_no_finance-7212446_k2	0.0354	yes_no	여자에 비해 남자가 비취업자 중 이전에 직장에서 근무했던 경험이 더 많지	No	(3) 교육감의 임용권 견제 미비 교과부는 교장공모제를 확대 실시하여 교육감에 집중된 교장인사권을 단위학교로 분산하겠다고 발표하였다. 그러나 현제도는 인사권 분산에 있어 5, 6차 시범적용에 비해 큰 차이가 없다. 교육감이 교육청 심사위원회의 구성에 사실상 영향력을 행사할 수도 있다는 점에서 보면, 학운위 심사에서 상위 2인을 선정하여 추천하던 5차 시범적	분야 상이/상식성/중복 (1차 판정 기준 동일 적용)
X	natua_yes_no_finance-7212446_k3	0.0354	yes_no	여자에 비해 남자가 비취업자 중 이전에 직장에서 근무했던 경험이 더 많지	No	(3) 교육감의 임용권 견제 미비 교과부는 교장공모제를 확대 실시하여 교육감에 집중된 교장인사권을 단위학교로 분산하겠다고 발표하였다. 그러나 현제도는 인사권 분산에 있어 5, 6차 시범적용에 비해 큰 차이가 없다. 교육감이 교육청 심사위원회의 구성에 사실상 영향력을 행사할 수도 있다는 점에서 보면, 학운위 심사에서 상위 2인을 선정하여 추천하던 5차 시범적	분야 상이/상식성/중복 (1차 판정 기준 동일 적용)
X	natua_yes_no_finance-6437818_k2	0.0353	yes_no	승차공유가 등장하기 전까지 지점 간 여객운송의 큰 부분을 차지했던 건 택시지	Yes	교장공모제는 교장 임용 다양화정책의 일환으로 기존의 교장승진제도와 초빙교장제의 한계를 극복하고 학교와 지역 발전을 촉진할 수 있는 교장을 임용하기 위한 차원에서 도입되었다. 그간의 경위를 보면, 2005년 11월 교육인적자원부는 ‘교장초빙ㆍ공모제 시범운영 추진계획’을 마련하였고, 대통령자문 교육혁신위원회가 개선방안을 구상하였다. 그리고 2007년 4월에는 	분야 상이/상식성/중복 (1차 판정 기준 동일 적용)
X	natua_yes_no_finance-6437818_k3	0.0353	yes_no	승차공유가 등장하기 전까지 지점 간 여객운송의 큰 부분을 차지했던 건 택시지	Yes	교장공모제는 교장 임용 다양화정책의 일환으로 기존의 교장승진제도와 초빙교장제의 한계를 극복하고 학교와 지역 발전을 촉진할 수 있는 교장을 임용하기 위한 차원에서 도입되었다. 그간의 경위를 보면, 2005년 11월 교육인적자원부는 ‘교장초빙ㆍ공모제 시범운영 추진계획’을 마련하였고, 대통령자문 교육혁신위원회가 개선방안을 구상하였다. 그리고 2007년 4월에는 	분야 상이/상식성/중복 (1차 판정 기준 동일 적용)
X	natua_yes_no_finance-6390524_k2	0.0352	yes_no	교장임용을 실시할 때 서울시교육청은 대상학교의 일부에만 공모제를 적용했어	No	□ 소규모 사업자 외에 면허를 받아야 하는 사업자는 육상교통청에 통행 및 운전자 관련 자료를 제출하여 야 하며, 육상교통청은 위반행위나 안전사고에 관한 사업자의 보고 의무와 조치 방안 등을 포함한 사업자 준수규범을 마련할 수 있음 □ 육상교통청은 결함이 있거나 위험성이 있는 자동차 모델의 사용을 금지하는 등 필요한 경우 모든 사업자(면허가 불필요한 소규모 	분야 상이/상식성/중복 (1차 판정 기준 동일 적용)
X	natua_yes_no_finance-6390524_k3	0.0352	yes_no	교장임용을 실시할 때 서울시교육청은 대상학교의 일부에만 공모제를 적용했어	No	□ 소규모 사업자 외에 면허를 받아야 하는 사업자는 육상교통청에 통행 및 운전자 관련 자료를 제출하여 야 하며, 육상교통청은 위반행위나 안전사고에 관한 사업자의 보고 의무와 조치 방안 등을 포함한 사업자 준수규범을 마련할 수 있음 □ 육상교통청은 결함이 있거나 위험성이 있는 자동차 모델의 사용을 금지하는 등 필요한 경우 모든 사업자(면허가 불필요한 소규모 	분야 상이/상식성/중복 (1차 판정 기준 동일 적용)
X	natua_yes_no_finance-6390534_k2	0.0351	yes_no	단위학교의 참여를 늘리겠다는 교과부의 발표 이후 실제로는 참여를 축소하는 방향으로 공모절차를 시행했어	No	(3) 금융안정협의기구 설치 한국은행 및 기획재정부, 금융위원회가 각각 금융 안정 목표와 정책수단을 분담하고 있는 상황이므로 금융 안정이라는 공동의 목표를 달성하기 위하여 각 기관이 참여하는 금융 안정협의기구를 구성하여 설치할 필요가 있다. 금융 안정협의기구는 각 기관의 금융 안정 관련 정보를 교환하고, 정책을 협의하는 기능을 수행하여야 할 것이다. 금융 	분야 상이/상식성/중복 (1차 판정 기준 동일 적용)
X	natua_yes_no_finance-6390534_k3	0.0351	yes_no	단위학교의 참여를 늘리겠다는 교과부의 발표 이후 실제로는 참여를 축소하는 방향으로 공모절차를 시행했어	No	(3) 금융안정협의기구 설치 한국은행 및 기획재정부, 금융위원회가 각각 금융 안정 목표와 정책수단을 분담하고 있는 상황이므로 금융 안정이라는 공동의 목표를 달성하기 위하여 각 기관이 참여하는 금융 안정협의기구를 구성하여 설치할 필요가 있다. 금융 안정협의기구는 각 기관의 금융 안정 관련 정보를 교환하고, 정책을 협의하는 기능을 수행하여야 할 것이다. 금융 	분야 상이/상식성/중복 (1차 판정 기준 동일 적용)
X	natua_yes_no_finance-7212501_k1	0.0351	yes_no	전체 연령대의 평균 고용률 대비 청년 고용률은 낮은 수치를 나타내고 있을까	Yes	□ 제정 배경과 경과 ◦ 싱가포르에서는 기존의 택시 위주 규제 체계로는 승차공유의 등장과 스마트폰을 활용한 예약 서비스 도입 등 지점 간 여객운송(택시+승차공유)의 변화에 대응하기 어렵다는 점이 지적되면서 「지점 간 여객운송사업법 2019」를 제정하고 새로운 규제 프레임워크를 도입함 ◦ 해당 법률은 2019년 8월 싱가포르 국회를 통과하여 2020년 시행을	분야 상이/상식성/중복 (1차 판정 기준 동일 적용)
X	natua_yes_no_finance-7212501_k2	0.0351	yes_no	전체 연령대의 평균 고용률 대비 청년 고용률은 낮은 수치를 나타내고 있을까	Yes	□ 제정 배경과 경과 ◦ 싱가포르에서는 기존의 택시 위주 규제 체계로는 승차공유의 등장과 스마트폰을 활용한 예약 서비스 도입 등 지점 간 여객운송(택시+승차공유)의 변화에 대응하기 어렵다는 점이 지적되면서 「지점 간 여객운송사업법 2019」를 제정하고 새로운 규제 프레임워크를 도입함 ◦ 해당 법률은 2019년 8월 싱가포르 국회를 통과하여 2020년 시행을	분야 상이/상식성/중복 (1차 판정 기준 동일 적용)
X	natua_yes_no_finance-7212438_k3	0.035	yes_no	여성의 경제활동을 이끌기 위해 정부는 고용률 70퍼센트 로드맵을 세웠을까	Yes	(2) 영란은행법은 통화정책과 관련하여 영란은행의 목적은 물가안정 유지 및 정부의 경제정책 지원이라고 규정하면서 별도로 금융시스템의 안정성을 유지하고 제고하는데 기여하는 것이 영란은행의 목적이라고 명시하고 있다. 또한 금융안정 목적을 위하여 재무부 및 금융감독당국과 협력하여야 함을 규정하고 있다. 영란은행법 제2조A(금융안정목적) : (1) 영란은행의 목적	분야 상이/상식성/중복 (1차 판정 기준 동일 적용)
X	natua_yes_no_finance-7046793_k1	0.0349	yes_no	통화정책을 시행할 때 스위스국립은행은 경제성장도 고려해야 하니	Yes	실제로 한국의 여성 노동 시장참여율은 선진국에 비해 낮은 수준으로 정책적 개입의 여지가 큰 것으로 사료된다. [그림1]에서 확인할 수 있듯이 2013년 15-64세 인구 중 여성의 경제활동참가율은 53.9%로 약 60~80%의 수준을 보이는 대부분 OECD 국가와의 차이가 크다. 또한 대한민국 합계출산율은 2013년에 가임기 여성의 1명당 1.19명으로 1	분야 상이/상식성/중복 (1차 판정 기준 동일 적용)
X	natua_yes_no_finance-7046793_k2	0.0349	yes_no	통화정책을 시행할 때 스위스국립은행은 경제성장도 고려해야 하니	Yes	실제로 한국의 여성 노동 시장참여율은 선진국에 비해 낮은 수준으로 정책적 개입의 여지가 큰 것으로 사료된다. [그림1]에서 확인할 수 있듯이 2013년 15-64세 인구 중 여성의 경제활동참가율은 53.9%로 약 60~80%의 수준을 보이는 대부분 OECD 국가와의 차이가 크다. 또한 대한민국 합계출산율은 2013년에 가임기 여성의 1명당 1.19명으로 1	분야 상이/상식성/중복 (1차 판정 기준 동일 적용)
X	natua_yes_no_finance-6437812_k3	0.0349	yes_no	싱가포르에서는 승차공유 따위의 환경 변화에 발맞춘 지점 간 여객운송사업법을 2020년부터 적용해	Yes	1차 및 2차 세계대전, 금본위제의 붕괴와 경제에 관한 정부 역할에 대한 시각 변화 등에 따라 20세기 초까지 중앙은행은 공공정책 기관으로 완전히 변신하였다. 중앙은행들은 새로운 통화질서를 관리하는 임무를 갖게 되었으며, 아직 중앙은행을 설립하지 않은 국가들은 국가 거시경제에서 핵심 역할을 하는 중앙은행의 설립을 촉구 받았으며, 많은 국가에서 중앙은행의 국	분야 상이/상식성/중복 (1차 판정 기준 동일 적용)
X	natua_yes_no_finance-6390531_k3	0.0348	yes_no	2010년 이래로 교과부는 교장공모제 대상 학교를 차근차근 확대해 나갔지	No	1. 제정 배경과 경과 (1) 제정 배경 □ 싱가포르에서는 지점 간 여객운송(택시+승차공유, point-to-point passenger transport)이 크게 변화하면서 이에 대응하기 위하여 새로운 규제 프레임워크를 도입할 필요성이 제기됨 ○ 과거(2013년 이전)에는 지점 간 여객운송이 28,000여대의 택시만으로 주로 이루어졌고 관련 사업도 택시운	분야 상이/상식성/중복 (1차 판정 기준 동일 적용)
X	natua_yes_no_finance-7212439_k3	0.0347	yes_no	2013년 상반기에 이뤄진 지역별 고용조사 방법은 인터넷으로만 한 거지	No	1. 제정 배경과 경과 (1) 제정 배경 □ 싱가포르에서는 지점 간 여객운송(택시+승차공유, point-to-point passenger transport)이 크게 변화하면서 이에 대응하기 위하여 새로운 규제 프레임워크를 도입할 필요성이 제기됨 ○ 과거(2013년 이전)에는 지점 간 여객운송이 28,000여대의 택시만으로 주로 이루어졌고 관련 사업도 택시운	분야 상이/상식성/중복 (1차 판정 기준 동일 적용)
X	natua_yes_no_finance-7462285_k1	0.0347	yes_no	성별 고용 유지율의 차이는 여성 근로자의 비율이 커지면 더 심화되니	Yes	□ 시사점 ◦ 우리나라도 싱가포르의 정책 사례를 참고하여 ① 스마트폰 애플리케이션을 활용한 서비스 도입 등 여객운송 산업에서 지금까지 나타난 변화에 대응하고 자율주행자동차의 등장 등 앞으로 다가올 더 큰 변화에 효과적으로 대응할 수 있도록 새로운 여객운송 정책 체계를 마련하고 ② 그 과정에서 정책 당사자의 소통과 협력을 통하여 정책 수립의 효율성 및 신뢰성	분야 상이/상식성/중복 (1차 판정 기준 동일 적용)
X	natua_yes_no_finance-7212520_k3	0.0346	yes_no	20대 후반이 경기도에서 십여 년 동안 고용률 증가세를 보인 연령층이야	Yes	□ 제정 배경과 경과 ◦ 싱가포르에서는 기존의 택시 위주 규제 체계로는 승차공유의 등장과 스마트폰을 활용한 예약 서비스 도입 등 지점 간 여객운송(택시+승차공유)의 변화에 대응하기 어렵다는 점이 지적되면서 「지점 간 여객운송사업법 2019」를 제정하고 새로운 규제 프레임워크를 도입함 ◦ 해당 법률은 2019년 8월 싱가포르 국회를 통과하여 2020년 시행을	분야 상이/상식성/중복 (1차 판정 기준 동일 적용)
X	natua_yes_no_finance-6390535_k2	0.0345	yes_no	공모절차는 단위학교 참여를 늘리겠단 교과부 발표 이후에 실제론 참여를 줄이는 방향으로 시행이 됐어	No	직종별로 본 수도권-비수도권간 임금차이는 주로 고임금 직종인 관리자, 전문직, 사무직에서 나타났으며, 나머지 다른 직종에서는 수도권과 비수도권간에 큰 차이가 나타나지 않았다. 〈표 3-11〉은 직종별 임금수준을 고용형태별로 세분화한 것으로, 정규직-비정규직간 임금차이가 큰 직종은 관리자, 전문직 등의 고임금 화이트칼라(white-collar) 직종에서 나타	분야 상이/상식성/중복 (1차 판정 기준 동일 적용)
X	natua_yes_no_finance-6390535_k3	0.0345	yes_no	공모절차는 단위학교 참여를 늘리겠단 교과부 발표 이후에 실제론 참여를 줄이는 방향으로 시행이 됐어	No	직종별로 본 수도권-비수도권간 임금차이는 주로 고임금 직종인 관리자, 전문직, 사무직에서 나타났으며, 나머지 다른 직종에서는 수도권과 비수도권간에 큰 차이가 나타나지 않았다. 〈표 3-11〉은 직종별 임금수준을 고용형태별로 세분화한 것으로, 정규직-비정규직간 임금차이가 큰 직종은 관리자, 전문직 등의 고임금 화이트칼라(white-collar) 직종에서 나타	분야 상이/상식성/중복 (1차 판정 기준 동일 적용)
X	natua_yes_no_finance-7212421_k3	0.0345	yes_no	비수도권과 수도권의 정규직에서 아주 높았던 것은 3년 넘는 근속자의 비율일까	Yes	(3) 태국은행법은 금융제도의 안정과 지급시스템 안정을 통화안정과 함께 태국은행의 목적으로 명시하고, 지급시스템의 설치 및 설치의 지원, 금융기관 감독 및 검사, 환율 및 외환준비금 관리 등의 업무를 수행할 수 있음을 규정하고 있다. 태국은행법 제7조 : 태국은행의 목적은 통화안정, 금융제도의 안정 및 지급시스템 안정을 위하여 중앙은행업에 관련 된 업무를 	분야 상이/상식성/중복 (1차 판정 기준 동일 적용)
X	natua_yes_no_finance-7212473_k2	0.034	yes_no	지역에 따라 같은 산업이라도 여성 고용의 환경이 상이할까	Yes	넷째, 조직의 목적은 조직의 업무 수행의 방향과 한계를 규정하는 의미를 갖는다. 그런데 한국은행 법은 금융 안정에 유의하여야 함을 제1조(목적 조항)에 규정하고 있는데 이는 한국은행은 금융 안정을 유지하고, 금융 안정 상태에서 이탈하지 않도록 통화신용정책을 수행하여야 한다는 것을 의미한다. 결국 한국은행 법에서 금융 안정은 물가 안정과 더불어 한국은행 업무	분야 상이/상식성/중복 (1차 판정 기준 동일 적용)
X	natua_yes_no_finance-7021992_k3	0.0339	yes_no	보건산업정책국 대신 보건의료정책실이 생명윤리정책과를 관리하는 걸로 바뀌지	Yes	1차 및 2차 세계대전, 금본위제의 붕괴와 경제에 관한 정부 역할에 대한 시각 변화 등에 따라 20세기 초까지 중앙은행은 공공정책 기관으로 완전히 변신하였다. 중앙은행들은 새로운 통화질서를 관리하는 임무를 갖게 되었으며, 아직 중앙은행을 설립하지 않은 국가들은 국가 거시경제에서 핵심 역할을 하는 중앙은행의 설립을 촉구 받았으며, 많은 국가에서 중앙은행의 국	분야 상이/상식성/중복 (1차 판정 기준 동일 적용)
X	natua_yes_no_finance-7212413_k1	0.0338	yes_no	비수도권의 임금수준은 수도권에 비해 비교적 낮은 편이지	Yes	(3) 교육감의 임용권 견제 미비 교과부는 교장공모제를 확대 실시하여 교육감에 집중된 교장인사권을 단위학교로 분산하겠다고 발표하였다. 그러나 현제도는 인사권 분산에 있어 5, 6차 시범적용에 비해 큰 차이가 없다. 교육감이 교육청 심사위원회의 구성에 사실상 영향력을 행사할 수도 있다는 점에서 보면, 학운위 심사에서 상위 2인을 선정하여 추천하던 5차 시범적	분야 상이/상식성/중복 (1차 판정 기준 동일 적용)
X	natua_yes_no_finance-7212413_k2	0.0338	yes_no	비수도권의 임금수준은 수도권에 비해 비교적 낮은 편이지	Yes	(3) 교육감의 임용권 견제 미비 교과부는 교장공모제를 확대 실시하여 교육감에 집중된 교장인사권을 단위학교로 분산하겠다고 발표하였다. 그러나 현제도는 인사권 분산에 있어 5, 6차 시범적용에 비해 큰 차이가 없다. 교육감이 교육청 심사위원회의 구성에 사실상 영향력을 행사할 수도 있다는 점에서 보면, 학운위 심사에서 상위 2인을 선정하여 추천하던 5차 시범적	분야 상이/상식성/중복 (1차 판정 기준 동일 적용)
X	natua_yes_no_finance-7212448_k1	0.0338	yes_no	경력단절자가 기혼 여성 중 차지하는 비율은 29.2퍼센트니	Yes	(2) 대규모 PHCB사업자 면허 의무화 등 면허 체계 개편 □ 차량과 사업 종류에 따른 기존의 면허 체계를 제공하는 서비스에 따른 새로운 면허 체계로 개편하고, 기존에는 관련 면허 제도가 없어 면허 취득 의무가 없었던 PHCB사업자 중 플랫폼에 등록된 차량이 800대 이상인 대규모 PHCB사업자에게도 해당 영업면허 취득을 의무화함 ○ 기존에는 택시운영사업	분야 상이/상식성/중복 (1차 판정 기준 동일 적용)
X	natua_yes_no_finance-7766658_k1	0.0338	yes_no	35세에서 44세까지의 여성은 육아휴직의 혜택 효율이 명백하게 예측되는 연령층이니	Yes	□ 제정 배경과 경과 ◦ 싱가포르에서는 기존의 택시 위주 규제 체계로는 승차공유의 등장과 스마트폰을 활용한 예약 서비스 도입 등 지점 간 여객운송(택시+승차공유)의 변화에 대응하기 어렵다는 점이 지적되면서 「지점 간 여객운송사업법 2019」를 제정하고 새로운 규제 프레임워크를 도입함 ◦ 해당 법률은 2019년 8월 싱가포르 국회를 통과하여 2020년 시행을	분야 상이/상식성/중복 (1차 판정 기준 동일 적용)
X	natua_yes_no_finance-7766658_k2	0.0338	yes_no	35세에서 44세까지의 여성은 육아휴직의 혜택 효율이 명백하게 예측되는 연령층이니	Yes	□ 제정 배경과 경과 ◦ 싱가포르에서는 기존의 택시 위주 규제 체계로는 승차공유의 등장과 스마트폰을 활용한 예약 서비스 도입 등 지점 간 여객운송(택시+승차공유)의 변화에 대응하기 어렵다는 점이 지적되면서 「지점 간 여객운송사업법 2019」를 제정하고 새로운 규제 프레임워크를 도입함 ◦ 해당 법률은 2019년 8월 싱가포르 국회를 통과하여 2020년 시행을	분야 상이/상식성/중복 (1차 판정 기준 동일 적용)
X	natua_yes_no_finance-7212450_k3	0.0337	yes_no	경력단절자가 다니던 직장을 관둔 시점은 근로자의 나이에 따라 상이하니	Yes	1. 들어가며 「교육공무원법」 제2조 제5항은 교장을 포함한 교원의 임용을 “신규채용ㆍ승진ㆍ전보” 등으로 정의하고 있다. 이 조항에 근거하여 교장을 신규채용 방식으로 임용하는 제도가 교장공모제이다. 교장공모제로 교장을 임용하는 학교에서는 교장 후보자를 공개적으로 모집하고 학교 구성원들이 참여하는 심사과정을 거쳐 지원자 가운데서 적격자를 선발ㆍ임용하게 된다.	분야 상이/상식성/중복 (1차 판정 기준 동일 적용)
X	natua_yes_no_finance-7046793_k3	0.0336	yes_no	통화정책을 시행할 때 스위스국립은행은 경제성장도 고려해야 하니	Yes	□ 경기도 청년층의 경제활동참가율은 44.6%, 고용율은 41.3%로서 전국 평균(43.2%, 39.7%)보다는 다소 높은 수준임 ○ 2013년 현재 경기도 전체 경제활동인구는 6,172천명이며 고용률은 60.0%를 기록 – 30대에서 50대까지 중장년층의 고용률은 모두 70%를 상회하여 청년층 고용률과 큰 차이를 나타냄 ○ 청년층을 제외한 30대 이상이 	분야 상이/상식성/중복 (1차 판정 기준 동일 적용)
X	natua_yes_no_finance-6437831_k1	0.0336	yes_no	독점 계약 금지의 예외를 허용하는 사례는 운전자가 사업자에게 고용된 경우지	Yes	1. 들어가며 「교육공무원법」 제2조 제5항은 교장을 포함한 교원의 임용을 “신규채용ㆍ승진ㆍ전보” 등으로 정의하고 있다. 이 조항에 근거하여 교장을 신규채용 방식으로 임용하는 제도가 교장공모제이다. 교장공모제로 교장을 임용하는 학교에서는 교장 후보자를 공개적으로 모집하고 학교 구성원들이 참여하는 심사과정을 거쳐 지원자 가운데서 적격자를 선발ㆍ임용하게 된다.	분야 상이/상식성/중복 (1차 판정 기준 동일 적용)
X	natua_yes_no_finance-6390530_k3	0.0336	yes_no	교과부는 교장공모제 대상 학교를 2010년부터 서서히 넓혀 갔지	No	□ 한국은행은 지난 3월 30일부터 약 한달간 일반 국민들과 소통의 폭을 넓혀 나가기 위하여 처음으로 ｢한국은행 스토리텔링｣을 공모하였음     ㅇ 공모내용은 한국은행과 관련한 미담이나 체험담을 600자 내외로 엮은 스토리임 □ 공모 결과 전국 각지에서 총 196명이 응모하였으며, 1차 심사에서 100편의 후보작을 뽑은 후 외부 심사위원이 포함된 2차 심사	분야 상이/상식성/중복 (1차 판정 기준 동일 적용)
X	natua_yes_no_finance-7766658_k3	0.0336	yes_no	35세에서 44세까지의 여성은 육아휴직의 혜택 효율이 명백하게 예측되는 연령층이니	Yes	□ 시사점 ◦ 우리나라도 싱가포르의 정책 사례를 참고하여 ① 스마트폰 애플리케이션을 활용한 서비스 도입 등 여객운송 산업에서 지금까지 나타난 변화에 대응하고 자율주행자동차의 등장 등 앞으로 다가올 더 큰 변화에 효과적으로 대응할 수 있도록 새로운 여객운송 정책 체계를 마련하고 ② 그 과정에서 정책 당사자의 소통과 협력을 통하여 정책 수립의 효율성 및 신뢰성	분야 상이/상식성/중복 (1차 판정 기준 동일 적용)
X	natua_yes_no_finance-7212430_k3	0.0335	yes_no	임금수준은 비수도권과 비교했을 때 수도권에서 상대적으로 높았던 거니	Yes	넷째, 조직의 목적은 조직의 업무 수행의 방향과 한계를 규정하는 의미를 갖는다. 그런데 한국은행 법은 금융 안정에 유의하여야 함을 제1조(목적 조항)에 규정하고 있는데 이는 한국은행은 금융 안정을 유지하고, 금융 안정 상태에서 이탈하지 않도록 통화신용정책을 수행하여야 한다는 것을 의미한다. 결국 한국은행 법에서 금융 안정은 물가 안정과 더불어 한국은행 업무	분야 상이/상식성/중복 (1차 판정 기준 동일 적용)
X	natua_yes_no_finance-7212443_k2	0.0333	yes_no	남성과 여성의 성별 고용률 차이가 제일 적게 나타난 곳은 서울일까	Yes	고용보험법 시행령 일부개정령(안) 입법예고 1. 개정이유 기존에 직업안정기관의 장에게 위임하던 피보험자격관리 업무를 근로복지공단에 위탁함으로써 현재 고용보험의 적용 및 보험료 부과 업무와 고용보험 피보험자격관리 업무의 이원화에 따라 나타나는 행정 비효율 및 국민 불편사항 등을 개선하려는 것임 2. 주요내용 가. 피보험자격관리 업무를 근로복지공단에 위탁(안 	분야 상이/상식성/중복 (1차 판정 기준 동일 적용)
X	natua_yes_no_finance-7192060_k3	0.0332	yes_no	노르웨이 중앙은행은 금융 안정에 관해 평가된 결과를 재무부에 내야 할까	Yes	□ 한국은행은 지난 3월 30일부터 약 한달간 일반 국민들과 소통의 폭을 넓혀 나가기 위하여 처음으로 ｢한국은행 스토리텔링｣을 공모하였음     ㅇ 공모내용은 한국은행과 관련한 미담이나 체험담을 600자 내외로 엮은 스토리임 □ 공모 결과 전국 각지에서 총 196명이 응모하였으며, 1차 심사에서 100편의 후보작을 뽑은 후 외부 심사위원이 포함된 2차 심사	분야 상이/상식성/중복 (1차 판정 기준 동일 적용)
X	natua_yes_no_finance-7212422_k3	0.0332	yes_no	3년 이상 근속자의 비율은 비수도권과 수도권의 정규직에서 매우 컸던 거니	Yes	(2) 당사자 간 지속적인 소통과 협력을 통한 정책 마련 □ 우리나라에서는 현재 당사자들이 첨예하게 대립하고 있고, 정책 당사자의 참여를 통한 지속적인 소통과 협력이 이루어지지 못해 효과적인 정책의 수립·집행이 제한되고 있음 □ 싱가포르의 경우 새로운 규제 프레임워크를 도입하는 과정에 정책 당사자인 운전자, 택시협회, 승차공유차량협회, 사업자, 일반 국민이	분야 상이/상식성/중복 (1차 판정 기준 동일 적용)
X	natua_yes_no_finance-7212456_k3	0.0332	yes_no	경기지역은 전국 평균에 비해 더 높은 출산율을 보이고 있니	Yes	Ⅱ. 주요국 중앙은행법상 금융안정 목적 세계 대부분의 중앙은행들은 금융안정에 대하여 중앙은행이 책임을 갖고 있다는 전제하에 업무를 수행하고 있다. 국제결제은행(Bank for International Settlements, 이하 BIS라 한다)에 따르면 세계 중앙은행의 90%는 금융시스템 감독과 금융안정정책에 대한 책임을 갖고 있다고 한다. 그러나 중앙은행	분야 상이/상식성/중복 (1차 판정 기준 동일 적용)
X	natua_yes_no_finance-6794126_k3	0.033	yes_no	국가별 상황에 맞춰 중앙은행의 역할과 목적은 다양한 형태로 발전해왔어	Yes	3.2 기초통계분석(II): 사회인구학적 특성 중심 여기서는 직종별, 업종별 등의 주요 사회인구학적 특성(social-demographic characteristics)에 대한  임금격차뿐만 아니라 고용형태간 임금격차를 다시 수도권과 비수도권으로 나누어 비교해본다 3.2.1 직종(occupations)별 임금수준에 대한 비교 〈표 3-10〉를 보면, 전체평	분야 상이/상식성/중복 (1차 판정 기준 동일 적용)
X	natua_yes_no_finance-7212415_k2	0.033	yes_no	비수도권과 수도권 사이에 임금 격차가 나타난 것은 고임금 직종일까	Yes	셋째, 한국은행의 목적을 규정한 한국은행 법의 목적 조항(제1조)에서 금융 안정에 유의하여야 함을 규정하고 있다는 사실이다. 또한 이와 같이 목적 조항을 개정함과 동시에 이를 뒷받침하기 위하여 긴급 유동성 지원 제도 개편, 공개시장조작 방식에 증권 대차 추가, 지급준비금 적립 대상 채무 확대 등의 개정이 이루어진 사실도 금융 안정이 한국은행의 목적의 하나임	분야 상이/상식성/중복 (1차 판정 기준 동일 적용)
X	natua_yes_no_finance-7212415_k3	0.033	yes_no	비수도권과 수도권 사이에 임금 격차가 나타난 것은 고임금 직종일까	Yes	셋째, 한국은행의 목적을 규정한 한국은행 법의 목적 조항(제1조)에서 금융 안정에 유의하여야 함을 규정하고 있다는 사실이다. 또한 이와 같이 목적 조항을 개정함과 동시에 이를 뒷받침하기 위하여 긴급 유동성 지원 제도 개편, 공개시장조작 방식에 증권 대차 추가, 지급준비금 적립 대상 채무 확대 등의 개정이 이루어진 사실도 금융 안정이 한국은행의 목적의 하나임	분야 상이/상식성/중복 (1차 판정 기준 동일 적용)
X	natua_yes_no_finance-7212523_k1	0.033	yes_no	청년에 비해 오십 대의 취업자수가 높아진 시기가 2008년일까	Yes	(3) 교육감의 임용권 견제 미비 교과부는 교장공모제를 확대 실시하여 교육감에 집중된 교장인사권을 단위학교로 분산하겠다고 발표하였다. 그러나 현제도는 인사권 분산에 있어 5, 6차 시범적용에 비해 큰 차이가 없다. 교육감이 교육청 심사위원회의 구성에 사실상 영향력을 행사할 수도 있다는 점에서 보면, 학운위 심사에서 상위 2인을 선정하여 추천하던 5차 시범적	분야 상이/상식성/중복 (1차 판정 기준 동일 적용)
X	natua_yes_no_finance-7212523_k2	0.033	yes_no	청년에 비해 오십 대의 취업자수가 높아진 시기가 2008년일까	Yes	(3) 교육감의 임용권 견제 미비 교과부는 교장공모제를 확대 실시하여 교육감에 집중된 교장인사권을 단위학교로 분산하겠다고 발표하였다. 그러나 현제도는 인사권 분산에 있어 5, 6차 시범적용에 비해 큰 차이가 없다. 교육감이 교육청 심사위원회의 구성에 사실상 영향력을 행사할 수도 있다는 점에서 보면, 학운위 심사에서 상위 2인을 선정하여 추천하던 5차 시범적	분야 상이/상식성/중복 (1차 판정 기준 동일 적용)
X	natua_yes_no_finance-6794149_k3	0.0329	yes_no	금융 안정을 이루는 것이 중앙은행의 목표일까	Yes	(3) 승객과 운전자의 안전 보장 조치 □ 모든 사업자(면허가 불필요한 소규모 사업자 포함)는 해당 차량 운행에 필요한 직업면허를 갖춘 운전자와 보험에 가입하고 차량 검사에 합격한 차량만을 활용하여 직접 차량을 운행하거나 예약을 중개할 수 있으며, 이를 위반하는 사업자에 대해서는 육상교통청이 운전자들에게 그 사업자를 위하여 운전하는 것을 금지할 수 있음 ○	분야 상이/상식성/중복 (1차 판정 기준 동일 적용)
X	natua_yes_no_finance-6437817_k1	0.0327	yes_no	지점 간 여객운송은 승차공유가 시작되기 전까지는 대부분 택시로 했지	Yes	육아휴직지원 제도는 휴직기간과 휴직 중 급여로 구분할 수 있다. 육아휴직 기간의 연장이 여성의 노동시장 참여도에 미치는 단기적인 영향의 추정치는 국가에 따라 다르나, 장기적인 효과는 대부분 거의 없는 것으로 추정되었다.  캐나다에서는 2000년에 유급 육아휴직이 25주에서 50주로 연장되었다. Hanratty and Trzcinski(2009)는 이러한 정	분야 상이/상식성/중복 (1차 판정 기준 동일 적용)
X	natua_yes_no_finance-6437817_k2	0.0327	yes_no	지점 간 여객운송은 승차공유가 시작되기 전까지는 대부분 택시로 했지	Yes	육아휴직지원 제도는 휴직기간과 휴직 중 급여로 구분할 수 있다. 육아휴직 기간의 연장이 여성의 노동시장 참여도에 미치는 단기적인 영향의 추정치는 국가에 따라 다르나, 장기적인 효과는 대부분 거의 없는 것으로 추정되었다.  캐나다에서는 2000년에 유급 육아휴직이 25주에서 50주로 연장되었다. Hanratty and Trzcinski(2009)는 이러한 정	분야 상이/상식성/중복 (1차 판정 기준 동일 적용)
X	natua_yes_no_finance-7212478_k2	0.0326	yes_no	육아휴직을 사용할 권리가 전체 근로자들에게 있을까	Yes	Ⅳ. 보완방안 1. 금융안정에 대한 측정지표 개발, 금융안정 책임에 관한 유관기관과의 MOU체결 및 금융안정협의기구 구성 추진 (1) 금융안정 측정지표 개발 금융안정을 측정하는 신뢰할 수 있는 측정 지표를 개발함으로써 금융안정을 위한 정책 방향 및 법적 책임을 명확하게 설정할 필요가 있다. 즉 금융 안정 측정지표를 개발하여 목표 인플레이션을 정하고 이를 달	분야 상이/상식성/중복 (1차 판정 기준 동일 적용)
X	natua_yes_no_finance-7212478_k3	0.0326	yes_no	육아휴직을 사용할 권리가 전체 근로자들에게 있을까	Yes	Ⅳ. 보완방안 1. 금융안정에 대한 측정지표 개발, 금융안정 책임에 관한 유관기관과의 MOU체결 및 금융안정협의기구 구성 추진 (1) 금융안정 측정지표 개발 금융안정을 측정하는 신뢰할 수 있는 측정 지표를 개발함으로써 금융안정을 위한 정책 방향 및 법적 책임을 명확하게 설정할 필요가 있다. 즉 금융 안정 측정지표를 개발하여 목표 인플레이션을 정하고 이를 달	분야 상이/상식성/중복 (1차 판정 기준 동일 적용)
X	natua_yes_no_finance-7021136_k3	0.0325	yes_no	신용정보회사 관리 수준을 높이기 위해 늘리려는 사람 수는 1명이니	Yes	② 금융 감독당국(Financial Services Authority, 이하 FSA라 한다)은 금융 서비스 및 시장법(The Financial Services and Markets Act, 2000년)의 범위 내에서 다음과 같은 영역에서 책임을 진다. 첫째, 은행, 주택금융조합, 투자회사, 보험사 및 중개인, 신용조합과 공제조합의 인허가와 건전성 감독. 둘	분야 상이/상식성/중복 (1차 판정 기준 동일 적용)
X	natua_yes_no_finance-7212473_k3	0.0325	yes_no	지역에 따라 같은 산업이라도 여성 고용의 환경이 상이할까	Yes	4. 개선방향 교장공모제는 교장인사제도의 개혁이자 학교자율화 정책의 핵심과제이다. 그러므로 앞에서 언급한 문제점을 보완하여 학교현장에 성공적으로 정착시키기 위한 노력이 필요하다. 이를 위한 개선방향을 제시하면 다음과 같다. (1) 단위학교의 선택권 강화 필요 교장공모제를 통하여 교장인사권의 분산을 도모한다면 제도 도입 여부 및 유형에 대한 선택권을 구성원들	분야 상이/상식성/중복 (1차 판정 기준 동일 적용)
X	natua_yes_no_finance-6794127_k1	0.0323	yes_no	금융안정의 목적은 모든 국가의 중앙은행법에 명시되어 있을까	No	□ 소규모 사업자 외에 면허를 받아야 하는 사업자는 육상교통청에 통행 및 운전자 관련 자료를 제출하여 야 하며, 육상교통청은 위반행위나 안전사고에 관한 사업자의 보고 의무와 조치 방안 등을 포함한 사업자 준수규범을 마련할 수 있음 □ 육상교통청은 결함이 있거나 위험성이 있는 자동차 모델의 사용을 금지하는 등 필요한 경우 모든 사업자(면허가 불필요한 소규모 	분야 상이/상식성/중복 (1차 판정 기준 동일 적용)
X	natua_yes_no_finance-6794127_k2	0.0323	yes_no	금융안정의 목적은 모든 국가의 중앙은행법에 명시되어 있을까	No	□ 소규모 사업자 외에 면허를 받아야 하는 사업자는 육상교통청에 통행 및 운전자 관련 자료를 제출하여 야 하며, 육상교통청은 위반행위나 안전사고에 관한 사업자의 보고 의무와 조치 방안 등을 포함한 사업자 준수규범을 마련할 수 있음 □ 육상교통청은 결함이 있거나 위험성이 있는 자동차 모델의 사용을 금지하는 등 필요한 경우 모든 사업자(면허가 불필요한 소규모 	분야 상이/상식성/중복 (1차 판정 기준 동일 적용)
X	natua_yes_no_finance-6437838_k2	0.0322	yes_no	법제도를 적용하기에 우버나 카카오택시나 타다서비스같이 새롭게 등장한 여객운송 산업도 무리 없지	No	이와 같은 결과는 동일한 규모의 지원 시 여성 고용을 증진시키는 방안으로 육아휴직 지원이 보육료 지원보다 더 효과적임을 의미한다. 그러나 보다 정확한 해석을 위해서는 두 정책 사이의 다양한 차이점이 이해할 필요가 있다. 우선 주로 취업 중인 임금 근로자가 육아휴직제도의 혜택을 누릴 수 있는 반면, 보육료 지원은 취업 여부와 상관없이 받을 수 있다는 점을 고	분야 상이/상식성/중복 (1차 판정 기준 동일 적용)
X	natua_yes_no_finance-6437838_k3	0.0322	yes_no	법제도를 적용하기에 우버나 카카오택시나 타다서비스같이 새롭게 등장한 여객운송 산업도 무리 없지	No	이와 같은 결과는 동일한 규모의 지원 시 여성 고용을 증진시키는 방안으로 육아휴직 지원이 보육료 지원보다 더 효과적임을 의미한다. 그러나 보다 정확한 해석을 위해서는 두 정책 사이의 다양한 차이점이 이해할 필요가 있다. 우선 주로 취업 중인 임금 근로자가 육아휴직제도의 혜택을 누릴 수 있는 반면, 보육료 지원은 취업 여부와 상관없이 받을 수 있다는 점을 고	분야 상이/상식성/중복 (1차 판정 기준 동일 적용)
X	natua_yes_no_finance-7212419_k1	0.0322	yes_no	비수도권과 수도권의 정규직 성별은 남자보다 여자가 더 많았지	No	4. 개선방향 교장공모제는 교장인사제도의 개혁이자 학교자율화 정책의 핵심과제이다. 그러므로 앞에서 언급한 문제점을 보완하여 학교현장에 성공적으로 정착시키기 위한 노력이 필요하다. 이를 위한 개선방향을 제시하면 다음과 같다. (1) 단위학교의 선택권 강화 필요 교장공모제를 통하여 교장인사권의 분산을 도모한다면 제도 도입 여부 및 유형에 대한 선택권을 구성원들	분야 상이/상식성/중복 (1차 판정 기준 동일 적용)
X	natua_yes_no_finance-6390528_k1	0.0321	yes_no	교육과학기술부는 교육감이 많이 가지고 있던 교장 인사 권한을 단위학교로 나눠주겠다고 했어	Yes	(3) 금융안정협의기구 설치 한국은행 및 기획재정부, 금융위원회가 각각 금융 안정 목표와 정책수단을 분담하고 있는 상황이므로 금융 안정이라는 공동의 목표를 달성하기 위하여 각 기관이 참여하는 금융 안정협의기구를 구성하여 설치할 필요가 있다. 금융 안정협의기구는 각 기관의 금융 안정 관련 정보를 교환하고, 정책을 협의하는 기능을 수행하여야 할 것이다. 금융 	분야 상이/상식성/중복 (1차 판정 기준 동일 적용)
X	natua_yes_no_finance-6390528_k2	0.0321	yes_no	교육과학기술부는 교육감이 많이 가지고 있던 교장 인사 권한을 단위학교로 나눠주겠다고 했어	Yes	(3) 금융안정협의기구 설치 한국은행 및 기획재정부, 금융위원회가 각각 금융 안정 목표와 정책수단을 분담하고 있는 상황이므로 금융 안정이라는 공동의 목표를 달성하기 위하여 각 기관이 참여하는 금융 안정협의기구를 구성하여 설치할 필요가 있다. 금융 안정협의기구는 각 기관의 금융 안정 관련 정보를 교환하고, 정책을 협의하는 기능을 수행하여야 할 것이다. 금융 	분야 상이/상식성/중복 (1차 판정 기준 동일 적용)
X	natua_yes_no_finance-7459774_k3	0.0321	yes_no	영유아기에서 청소년기까지의 인적 자본 투자규모가 동일한 나라는 프랑스와 스웨덴일까	Yes	노숙인 등의 복지 및 자립지원에 관한 법률 시행규칙 일부개정령(안) 입법예고 1. 개정이유 노숙인자활시설 및 노숙인종합지원센터 이용현황 보고 주기를 숙인재활시설 및 노숙인요양시설 이용현황 보고 주기와 동일하게 반기별 1회로 개선하여 부담을 완화하고자 함. 2. 주요내용 가. 노숙인자활시설 및 노숙인종합지원센터 이용현황 보고 주기를 분기별 1회에서 반기별 1	분야 상이/상식성/중복 (1차 판정 기준 동일 적용)
X	natua_yes_no_finance-7212523_k3	0.0321	yes_no	청년에 비해 오십 대의 취업자수가 높아진 시기가 2008년일까	Yes	1. 제정 배경과 경과 (1) 제정 배경 □ 싱가포르에서는 지점 간 여객운송(택시+승차공유, point-to-point passenger transport)이 크게 변화하면서 이에 대응하기 위하여 새로운 규제 프레임워크를 도입할 필요성이 제기됨 ○ 과거(2013년 이전)에는 지점 간 여객운송이 28,000여대의 택시만으로 주로 이루어졌고 관련 사업도 택시운	분야 상이/상식성/중복 (1차 판정 기준 동일 적용)
X	natua_yes_no_finance-6437831_k2	0.032	yes_no	독점 계약 금지의 예외를 허용하는 사례는 운전자가 사업자에게 고용된 경우지	Yes	성별 고용 유지율의 차이는 사업체의 특성에 따라 상당한 차이를 보이는 것으로 관찰되었다. 〈표 4〉에 의하면, 산업별로는 초기 시점에서 제조업에 종사한 근로자에 대한 성별 고용 유지율 차이가 29.1%p로 가장 큰 것으로 나타났고, 그 다음으로 사업서비스업 (26.6%p), 출판 영상 통신 정보서비스업(26.3%p), 기타 공공, 수리 및 개인서비스업(22	분야 상이/상식성/중복 (1차 판정 기준 동일 적용)
X	natua_yes_no_finance-6390528_k3	0.0319	yes_no	교육과학기술부는 교육감이 많이 가지고 있던 교장 인사 권한을 단위학교로 나눠주겠다고 했어	Yes	1. 제1유형 제1유형의 전형적인 모습은 중국인민은행법과 말레이시아 중앙은행법에서 볼 수 있다. 태국은행법도 같은 유형으로 분류할 수 있다. (1) 중국인민은행법은 중국인민은행이 통화정책을 수립·집행하고, 금융안정을 유지하여야 한다고 규정하고 이를 위한 중국인민은행의 기능과 책임을 열거하고 있다. 특히 중국인민은행의 기능 및 책임과 관련하여 명령과 규정을 	분야 상이/상식성/중복 (1차 판정 기준 동일 적용)
X	natua_yes_no_finance-7636471_k1	0.0319	yes_no	단순노무직은 수도권 보다 비수도권에서 비정규직 비중이 9퍼센트 높게 나온 업종이니	Yes	(3) 교육감의 임용권 견제 미비 교과부는 교장공모제를 확대 실시하여 교육감에 집중된 교장인사권을 단위학교로 분산하겠다고 발표하였다. 그러나 현제도는 인사권 분산에 있어 5, 6차 시범적용에 비해 큰 차이가 없다. 교육감이 교육청 심사위원회의 구성에 사실상 영향력을 행사할 수도 있다는 점에서 보면, 학운위 심사에서 상위 2인을 선정하여 추천하던 5차 시범적	분야 상이/상식성/중복 (1차 판정 기준 동일 적용)
X	natua_yes_no_finance-7636471_k2	0.0319	yes_no	단순노무직은 수도권 보다 비수도권에서 비정규직 비중이 9퍼센트 높게 나온 업종이니	Yes	(3) 교육감의 임용권 견제 미비 교과부는 교장공모제를 확대 실시하여 교육감에 집중된 교장인사권을 단위학교로 분산하겠다고 발표하였다. 그러나 현제도는 인사권 분산에 있어 5, 6차 시범적용에 비해 큰 차이가 없다. 교육감이 교육청 심사위원회의 구성에 사실상 영향력을 행사할 수도 있다는 점에서 보면, 학운위 심사에서 상위 2인을 선정하여 추천하던 5차 시범적	분야 상이/상식성/중복 (1차 판정 기준 동일 적용)
X	natua_yes_no_finance-7212443_k3	0.0318	yes_no	남성과 여성의 성별 고용률 차이가 제일 적게 나타난 곳은 서울일까	Yes	4. 개선방향 교장공모제는 교장인사제도의 개혁이자 학교자율화 정책의 핵심과제이다. 그러므로 앞에서 언급한 문제점을 보완하여 학교현장에 성공적으로 정착시키기 위한 노력이 필요하다. 이를 위한 개선방향을 제시하면 다음과 같다. (1) 단위학교의 선택권 강화 필요 교장공모제를 통하여 교장인사권의 분산을 도모한다면 제도 도입 여부 및 유형에 대한 선택권을 구성원들	분야 상이/상식성/중복 (1차 판정 기준 동일 적용)
X	natua_yes_no_finance-7212491_k1	0.0318	yes_no	성별 고용률의 격차 요인은 여성 근로자의 비중과 사업장의 규모일까	Yes	□ 소규모 사업자 외에 면허를 받아야 하는 사업자는 육상교통청에 통행 및 운전자 관련 자료를 제출하여 야 하며, 육상교통청은 위반행위나 안전사고에 관한 사업자의 보고 의무와 조치 방안 등을 포함한 사업자 준수규범을 마련할 수 있음 □ 육상교통청은 결함이 있거나 위험성이 있는 자동차 모델의 사용을 금지하는 등 필요한 경우 모든 사업자(면허가 불필요한 소규모 	분야 상이/상식성/중복 (1차 판정 기준 동일 적용)
X	natua_yes_no_finance-7212491_k2	0.0318	yes_no	성별 고용률의 격차 요인은 여성 근로자의 비중과 사업장의 규모일까	Yes	□ 소규모 사업자 외에 면허를 받아야 하는 사업자는 육상교통청에 통행 및 운전자 관련 자료를 제출하여 야 하며, 육상교통청은 위반행위나 안전사고에 관한 사업자의 보고 의무와 조치 방안 등을 포함한 사업자 준수규범을 마련할 수 있음 □ 육상교통청은 결함이 있거나 위험성이 있는 자동차 모델의 사용을 금지하는 등 필요한 경우 모든 사업자(면허가 불필요한 소규모 	분야 상이/상식성/중복 (1차 판정 기준 동일 적용)
X	natua_yes_no_finance-7212525_k1	0.0318	yes_no	청년층 취업자수가 늘어나고 있는 부문이 도소매 숙박음식점업일까	Yes	□ 소규모 사업자 외에 면허를 받아야 하는 사업자는 육상교통청에 통행 및 운전자 관련 자료를 제출하여 야 하며, 육상교통청은 위반행위나 안전사고에 관한 사업자의 보고 의무와 조치 방안 등을 포함한 사업자 준수규범을 마련할 수 있음 □ 육상교통청은 결함이 있거나 위험성이 있는 자동차 모델의 사용을 금지하는 등 필요한 경우 모든 사업자(면허가 불필요한 소규모 	분야 상이/상식성/중복 (1차 판정 기준 동일 적용)
X	natua_yes_no_finance-7212525_k2	0.0318	yes_no	청년층 취업자수가 늘어나고 있는 부문이 도소매 숙박음식점업일까	Yes	□ 소규모 사업자 외에 면허를 받아야 하는 사업자는 육상교통청에 통행 및 운전자 관련 자료를 제출하여 야 하며, 육상교통청은 위반행위나 안전사고에 관한 사업자의 보고 의무와 조치 방안 등을 포함한 사업자 준수규범을 마련할 수 있음 □ 육상교통청은 결함이 있거나 위험성이 있는 자동차 모델의 사용을 금지하는 등 필요한 경우 모든 사업자(면허가 불필요한 소규모 	분야 상이/상식성/중복 (1차 판정 기준 동일 적용)
X	natua_yes_no_finance-6794127_k3	0.0317	yes_no	금융안정의 목적은 모든 국가의 중앙은행법에 명시되어 있을까	No	(3) 승객과 운전자의 안전 보장 조치 □ 모든 사업자(면허가 불필요한 소규모 사업자 포함)는 해당 차량 운행에 필요한 직업면허를 갖춘 운전자와 보험에 가입하고 차량 검사에 합격한 차량만을 활용하여 직접 차량을 운행하거나 예약을 중개할 수 있으며, 이를 위반하는 사업자에 대해서는 육상교통청이 운전자들에게 그 사업자를 위하여 운전하는 것을 금지할 수 있음 ○	분야 상이/상식성/중복 (1차 판정 기준 동일 적용)
X	natua_yes_no_finance-6437831_k3	0.0315	yes_no	독점 계약 금지의 예외를 허용하는 사례는 운전자가 사업자에게 고용된 경우지	Yes	육아휴직은 원칙적으로 무급 휴직으로 모든 근로자에게 그 권리가 부여되고, 휴직 중 급여와 장려금은 고용보험 가입자에게 지급된다. 반면, 보육료 지원은 재정사업으로 2012년까지는 가구 소득에 차등적으로 지원되었다. 〈표 6〉에 제시되어 있듯이, 2009년도와 2010년도에는 영유아 가구 중 소득 하위 50% 이하, 60% 이하, 70% 이하 계층은 각각 보	분야 상이/상식성/중복 (1차 판정 기준 동일 적용)
X	natua_yes_no_finance-7603711_k3	0.0315	yes_no	정규직이 비정규직에 비해 수도권과 비수도권간의 임금 차이가 더 컸니	Yes	□ 시사점 ◦ 우리나라도 싱가포르의 정책 사례를 참고하여 ① 스마트폰 애플리케이션을 활용한 서비스 도입 등 여객운송 산업에서 지금까지 나타난 변화에 대응하고 자율주행자동차의 등장 등 앞으로 다가올 더 큰 변화에 효과적으로 대응할 수 있도록 새로운 여객운송 정책 체계를 마련하고 ② 그 과정에서 정책 당사자의 소통과 협력을 통하여 정책 수립의 효율성 및 신뢰성	분야 상이/상식성/중복 (1차 판정 기준 동일 적용)
X	natua_yes_no_finance-6794155_k3	0.0314	yes_no	금융위원회와 기획재정부의 정확한 금융 안정 책임관계가 성립되어 있을까	No	□ 소규모 사업자 외에 면허를 받아야 하는 사업자는 육상교통청에 통행 및 운전자 관련 자료를 제출하여 야 하며, 육상교통청은 위반행위나 안전사고에 관한 사업자의 보고 의무와 조치 방안 등을 포함한 사업자 준수규범을 마련할 수 있음 □ 육상교통청은 결함이 있거나 위험성이 있는 자동차 모델의 사용을 금지하는 등 필요한 경우 모든 사업자(면허가 불필요한 소규모 	분야 상이/상식성/중복 (1차 판정 기준 동일 적용)
X	natua_yes_no_finance-7212501_k3	0.0314	yes_no	전체 연령대의 평균 고용률 대비 청년 고용률은 낮은 수치를 나타내고 있을까	Yes	□ 소규모 사업자 외에 면허를 받아야 하는 사업자는 육상교통청에 통행 및 운전자 관련 자료를 제출하여 야 하며, 육상교통청은 위반행위나 안전사고에 관한 사업자의 보고 의무와 조치 방안 등을 포함한 사업자 준수규범을 마련할 수 있음 □ 육상교통청은 결함이 있거나 위험성이 있는 자동차 모델의 사용을 금지하는 등 필요한 경우 모든 사업자(면허가 불필요한 소규모 	분야 상이/상식성/중복 (1차 판정 기준 동일 적용)
X	natua_yes_no_finance-7212419_k2	0.0312	yes_no	비수도권과 수도권의 정규직 성별은 남자보다 여자가 더 많았지	No	□ 시사점 ◦ 우리나라도 싱가포르의 정책 사례를 참고하여 ① 스마트폰 애플리케이션을 활용한 서비스 도입 등 여객운송 산업에서 지금까지 나타난 변화에 대응하고 자율주행자동차의 등장 등 앞으로 다가올 더 큰 변화에 효과적으로 대응할 수 있도록 새로운 여객운송 정책 체계를 마련하고 ② 그 과정에서 정책 당사자의 소통과 협력을 통하여 정책 수립의 효율성 및 신뢰성	분야 상이/상식성/중복 (1차 판정 기준 동일 적용)
X	natua_yes_no_finance-7212512_k3	0.0312	yes_no	경기도는 인구증가율이 오랫동안 하락세를 나타내고 있는 지역이니	Yes	□ 시사점 ◦ 우리나라도 싱가포르의 정책 사례를 참고하여 ① 스마트폰 애플리케이션을 활용한 서비스 도입 등 여객운송 산업에서 지금까지 나타난 변화에 대응하고 자율주행자동차의 등장 등 앞으로 다가올 더 큰 변화에 효과적으로 대응할 수 있도록 새로운 여객운송 정책 체계를 마련하고 ② 그 과정에서 정책 당사자의 소통과 협력을 통하여 정책 수립의 효율성 및 신뢰성	분야 상이/상식성/중복 (1차 판정 기준 동일 적용)
X	natua_yes_no_finance-7212433_k2	0.031	yes_no	한국의 성장이 느려지기 시작한 시기가 1998년 외환위기부터야	Yes	□ 제정 배경과 경과 ◦ 싱가포르에서는 기존의 택시 위주 규제 체계로는 승차공유의 등장과 스마트폰을 활용한 예약 서비스 도입 등 지점 간 여객운송(택시+승차공유)의 변화에 대응하기 어렵다는 점이 지적되면서 「지점 간 여객운송사업법 2019」를 제정하고 새로운 규제 프레임워크를 도입함 ◦ 해당 법률은 2019년 8월 싱가포르 국회를 통과하여 2020년 시행을	분야 상이/상식성/중복 (1차 판정 기준 동일 적용)
X	natua_yes_no_finance-7212433_k3	0.031	yes_no	한국의 성장이 느려지기 시작한 시기가 1998년 외환위기부터야	Yes	□ 제정 배경과 경과 ◦ 싱가포르에서는 기존의 택시 위주 규제 체계로는 승차공유의 등장과 스마트폰을 활용한 예약 서비스 도입 등 지점 간 여객운송(택시+승차공유)의 변화에 대응하기 어렵다는 점이 지적되면서 「지점 간 여객운송사업법 2019」를 제정하고 새로운 규제 프레임워크를 도입함 ◦ 해당 법률은 2019년 8월 싱가포르 국회를 통과하여 2020년 시행을	분야 상이/상식성/중복 (1차 판정 기준 동일 적용)
X	natua_yes_no_finance-7462285_k2	0.0305	yes_no	성별 고용 유지율의 차이는 여성 근로자의 비율이 커지면 더 심화되니	Yes	넷째, 조직의 목적은 조직의 업무 수행의 방향과 한계를 규정하는 의미를 갖는다. 그런데 한국은행 법은 금융 안정에 유의하여야 함을 제1조(목적 조항)에 규정하고 있는데 이는 한국은행은 금융 안정을 유지하고, 금융 안정 상태에서 이탈하지 않도록 통화신용정책을 수행하여야 한다는 것을 의미한다. 결국 한국은행 법에서 금융 안정은 물가 안정과 더불어 한국은행 업무	분야 상이/상식성/중복 (1차 판정 기준 동일 적용)
X	natua_yes_no_finance-7212476_k1	0.0303	yes_no	대규모의 사업장에서 성별 채용 유지율의 차이가 크니	Yes	(3) 교육감의 임용권 견제 미비 교과부는 교장공모제를 확대 실시하여 교육감에 집중된 교장인사권을 단위학교로 분산하겠다고 발표하였다. 그러나 현제도는 인사권 분산에 있어 5, 6차 시범적용에 비해 큰 차이가 없다. 교육감이 교육청 심사위원회의 구성에 사실상 영향력을 행사할 수도 있다는 점에서 보면, 학운위 심사에서 상위 2인을 선정하여 추천하던 5차 시범적	분야 상이/상식성/중복 (1차 판정 기준 동일 적용)
X	natua_yes_no_finance-7212476_k2	0.0303	yes_no	대규모의 사업장에서 성별 채용 유지율의 차이가 크니	Yes	(3) 교육감의 임용권 견제 미비 교과부는 교장공모제를 확대 실시하여 교육감에 집중된 교장인사권을 단위학교로 분산하겠다고 발표하였다. 그러나 현제도는 인사권 분산에 있어 5, 6차 시범적용에 비해 큰 차이가 없다. 교육감이 교육청 심사위원회의 구성에 사실상 영향력을 행사할 수도 있다는 점에서 보면, 학운위 심사에서 상위 2인을 선정하여 추천하던 5차 시범적	분야 상이/상식성/중복 (1차 판정 기준 동일 적용)
X	natua_yes_no_finance-7688076_k1	0.0303	yes_no	2012년부터 청년층 인구가 줄어든 지역은 경기도일까	Yes	교장공모제는 교장 임용 다양화정책의 일환으로 기존의 교장승진제도와 초빙교장제의 한계를 극복하고 학교와 지역 발전을 촉진할 수 있는 교장을 임용하기 위한 차원에서 도입되었다. 그간의 경위를 보면, 2005년 11월 교육인적자원부는 ‘교장초빙ㆍ공모제 시범운영 추진계획’을 마련하였고, 대통령자문 교육혁신위원회가 개선방안을 구상하였다. 그리고 2007년 4월에는 	분야 상이/상식성/중복 (1차 판정 기준 동일 적용)
X	natua_yes_no_finance-7688076_k2	0.0303	yes_no	2012년부터 청년층 인구가 줄어든 지역은 경기도일까	Yes	교장공모제는 교장 임용 다양화정책의 일환으로 기존의 교장승진제도와 초빙교장제의 한계를 극복하고 학교와 지역 발전을 촉진할 수 있는 교장을 임용하기 위한 차원에서 도입되었다. 그간의 경위를 보면, 2005년 11월 교육인적자원부는 ‘교장초빙ㆍ공모제 시범운영 추진계획’을 마련하였고, 대통령자문 교육혁신위원회가 개선방안을 구상하였다. 그리고 2007년 4월에는 	분야 상이/상식성/중복 (1차 판정 기준 동일 적용)
X	natua_yes_no_finance-6437832_k1	0.0302	yes_no	사업자가 채용한 운전자의 경우 독점 계약 금지 예외 대상이이지	Yes	(2) 공정성과 참여확대 동시 추구 학부모와 교사 등 단위학교 구성원의 참여를 실질적으로 확대시킬 수 있는 방안을 모색할 필요가 있다. 학교 심사위원회가 적임자가 아니라고 판단할 경우는 2단계의 심사대상자로 추천하지 않는 것도 방안이 될 수 있다. 공정성을 강화하기 위한다는 구실로 단위학교의 참여를 크게 제한하는 방식은 설득력이 그리 높지 않다. 교과부가 	분야 상이/상식성/중복 (1차 판정 기준 동일 적용)
X	natua_yes_no_finance-6437832_k2	0.0302	yes_no	사업자가 채용한 운전자의 경우 독점 계약 금지 예외 대상이이지	Yes	(2) 공정성과 참여확대 동시 추구 학부모와 교사 등 단위학교 구성원의 참여를 실질적으로 확대시킬 수 있는 방안을 모색할 필요가 있다. 학교 심사위원회가 적임자가 아니라고 판단할 경우는 2단계의 심사대상자로 추천하지 않는 것도 방안이 될 수 있다. 공정성을 강화하기 위한다는 구실로 단위학교의 참여를 크게 제한하는 방식은 설득력이 그리 높지 않다. 교과부가 	분야 상이/상식성/중복 (1차 판정 기준 동일 적용)
X	natua_yes_no_finance-7212476_k3	0.0302	yes_no	대규모의 사업장에서 성별 채용 유지율의 차이가 크니	Yes	(2) 대규모 PHCB사업자 면허 의무화 등 면허 체계 개편 □ 차량과 사업 종류에 따른 기존의 면허 체계를 제공하는 서비스에 따른 새로운 면허 체계로 개편하고, 기존에는 관련 면허 제도가 없어 면허 취득 의무가 없었던 PHCB사업자 중 플랫폼에 등록된 차량이 800대 이상인 대규모 PHCB사업자에게도 해당 영업면허 취득을 의무화함 ○ 기존에는 택시운영사업	분야 상이/상식성/중복 (1차 판정 기준 동일 적용)
X	natua_yes_no_finance-7636470_k3	0.0301	yes_no	비정규직 비율이 수도권에 비해 비수도권에서 9퍼센트 높게 나온 업종은 단순노무직일까	Yes	(2) 단위학교의 참여 축소 논란 현행 교장공모제는 심사의 공정성을 높이고 심사절차의 복잡성을 해소한다는 취지에서 심사절차를 변경하였다. 5차 시범적용까지 단위학교는 상위 2인을 선정하는 3단계까지 참여하였으나, 현재는 3배수를 선정하는 1단계만 참여할 수 있게 되어있다. 또한 학교운영위원이 로비의 대상이 되는 것을 막기 위해 학교운영위원의 학교심사위 참여	분야 상이/상식성/중복 (1차 판정 기준 동일 적용)
X	natua_yes_no_finance-7634489_k1	0.0301	yes_no	비정규직 비중이 큰 건 수도권지역의 고졸에서만이지	No	(3) 교육감의 임용권 견제 미비 교과부는 교장공모제를 확대 실시하여 교육감에 집중된 교장인사권을 단위학교로 분산하겠다고 발표하였다. 그러나 현제도는 인사권 분산에 있어 5, 6차 시범적용에 비해 큰 차이가 없다. 교육감이 교육청 심사위원회의 구성에 사실상 영향력을 행사할 수도 있다는 점에서 보면, 학운위 심사에서 상위 2인을 선정하여 추천하던 5차 시범적	분야 상이/상식성/중복 (1차 판정 기준 동일 적용)
X	natua_yes_no_finance-7634489_k2	0.0301	yes_no	비정규직 비중이 큰 건 수도권지역의 고졸에서만이지	No	(3) 교육감의 임용권 견제 미비 교과부는 교장공모제를 확대 실시하여 교육감에 집중된 교장인사권을 단위학교로 분산하겠다고 발표하였다. 그러나 현제도는 인사권 분산에 있어 5, 6차 시범적용에 비해 큰 차이가 없다. 교육감이 교육청 심사위원회의 구성에 사실상 영향력을 행사할 수도 있다는 점에서 보면, 학운위 심사에서 상위 2인을 선정하여 추천하던 5차 시범적	분야 상이/상식성/중복 (1차 판정 기준 동일 적용)
X	natua_yes_no_finance-7046792_k2	0.03	yes_no	스위스국립은행은 통화정책을 이행할 때 경제성장도 생각해야 할까	Yes	(2) 공정성과 참여확대 동시 추구 학부모와 교사 등 단위학교 구성원의 참여를 실질적으로 확대시킬 수 있는 방안을 모색할 필요가 있다. 학교 심사위원회가 적임자가 아니라고 판단할 경우는 2단계의 심사대상자로 추천하지 않는 것도 방안이 될 수 있다. 공정성을 강화하기 위한다는 구실로 단위학교의 참여를 크게 제한하는 방식은 설득력이 그리 높지 않다. 교과부가 	분야 상이/상식성/중복 (1차 판정 기준 동일 적용)
X	natua_yes_no_finance-7046792_k3	0.03	yes_no	스위스국립은행은 통화정책을 이행할 때 경제성장도 생각해야 할까	Yes	(2) 공정성과 참여확대 동시 추구 학부모와 교사 등 단위학교 구성원의 참여를 실질적으로 확대시킬 수 있는 방안을 모색할 필요가 있다. 학교 심사위원회가 적임자가 아니라고 판단할 경우는 2단계의 심사대상자로 추천하지 않는 것도 방안이 될 수 있다. 공정성을 강화하기 위한다는 구실로 단위학교의 참여를 크게 제한하는 방식은 설득력이 그리 높지 않다. 교과부가 	분야 상이/상식성/중복 (1차 판정 기준 동일 적용)
X	natua_yes_no_finance-6437832_k3	0.03	yes_no	사업자가 채용한 운전자의 경우 독점 계약 금지 예외 대상이이지	Yes	셋째, 한국은행의 목적을 규정한 한국은행 법의 목적 조항(제1조)에서 금융 안정에 유의하여야 함을 규정하고 있다는 사실이다. 또한 이와 같이 목적 조항을 개정함과 동시에 이를 뒷받침하기 위하여 긴급 유동성 지원 제도 개편, 공개시장조작 방식에 증권 대차 추가, 지급준비금 적립 대상 채무 확대 등의 개정이 이루어진 사실도 금융 안정이 한국은행의 목적의 하나임	분야 상이/상식성/중복 (1차 판정 기준 동일 적용)
X	natua_yes_no_finance-7212466_k1	0.03	yes_no	캐나다는 50주로 유급 육아휴직을 연장한 나라니	Yes	금융위원회와 그 소속기관 직제 시행규칙 일부개정령(안) 입법예고 1. 개정이유 신용정보회사 등의 관리 강화를 위하여 필요한 인력 1명(5급 1명)을 증원하고, 인력 관리의 효율성을 높이기 위하여 금융위원회 인력 1명(기록연구사 1명)을 금융정보분석원으로 재배정하는 것으로「금융위원회와 그 소속기관 직제」(대통령령 제00000호, 2016. 00. 00. 공포	분야 상이/상식성/중복 (1차 판정 기준 동일 적용)
X	natua_yes_no_finance-7212466_k2	0.03	yes_no	캐나다는 50주로 유급 육아휴직을 연장한 나라니	Yes	금융위원회와 그 소속기관 직제 시행규칙 일부개정령(안) 입법예고 1. 개정이유 신용정보회사 등의 관리 강화를 위하여 필요한 인력 1명(5급 1명)을 증원하고, 인력 관리의 효율성을 높이기 위하여 금융위원회 인력 1명(기록연구사 1명)을 금융정보분석원으로 재배정하는 것으로「금융위원회와 그 소속기관 직제」(대통령령 제00000호, 2016. 00. 00. 공포	분야 상이/상식성/중복 (1차 판정 기준 동일 적용)
X	natua_yes_no_finance-7462332_k3	0.0299	yes_no	삼 개월 정도의 짧은 휴직이 임금에 영향을 줬을까	No	(2) 대규모 PHCB사업자 면허 의무화 등 면허 체계 개편 □ 차량과 사업 종류에 따른 기존의 면허 체계를 제공하는 서비스에 따른 새로운 면허 체계로 개편하고, 기존에는 관련 면허 제도가 없어 면허 취득 의무가 없었던 PHCB사업자 중 플랫폼에 등록된 차량이 800대 이상인 대규모 PHCB사업자에게도 해당 영업면허 취득을 의무화함 ○ 기존에는 택시운영사업	분야 상이/상식성/중복 (1차 판정 기준 동일 적용)
X	natua_yes_no_finance-6477453_k3	0.0298	yes_no	여러 가지의 실물과 금융통계들이 국민소득통계의 기초자료로써 활용됐어	Yes	1. 제1유형 제1유형의 전형적인 모습은 중국인민은행법과 말레이시아 중앙은행법에서 볼 수 있다. 태국은행법도 같은 유형으로 분류할 수 있다. (1) 중국인민은행법은 중국인민은행이 통화정책을 수립·집행하고, 금융안정을 유지하여야 한다고 규정하고 이를 위한 중국인민은행의 기능과 책임을 열거하고 있다. 특히 중국인민은행의 기능 및 책임과 관련하여 명령과 규정을 	분야 상이/상식성/중복 (1차 판정 기준 동일 적용)
X	natua_yes_no_finance-6437827_k1	0.0297	yes_no	택시와 승차공유 운전자 모두 운전자직업면허를 취득해야 하지만 정기 차량 검사는 택시만 받니	No	(2) 단위학교의 참여 축소 논란 현행 교장공모제는 심사의 공정성을 높이고 심사절차의 복잡성을 해소한다는 취지에서 심사절차를 변경하였다. 5차 시범적용까지 단위학교는 상위 2인을 선정하는 3단계까지 참여하였으나, 현재는 3배수를 선정하는 1단계만 참여할 수 있게 되어있다. 또한 학교운영위원이 로비의 대상이 되는 것을 막기 위해 학교운영위원의 학교심사위 참여	분야 상이/상식성/중복 (1차 판정 기준 동일 적용)
X	natua_yes_no_finance-6437827_k2	0.0297	yes_no	택시와 승차공유 운전자 모두 운전자직업면허를 취득해야 하지만 정기 차량 검사는 택시만 받니	No	(2) 단위학교의 참여 축소 논란 현행 교장공모제는 심사의 공정성을 높이고 심사절차의 복잡성을 해소한다는 취지에서 심사절차를 변경하였다. 5차 시범적용까지 단위학교는 상위 2인을 선정하는 3단계까지 참여하였으나, 현재는 3배수를 선정하는 1단계만 참여할 수 있게 되어있다. 또한 학교운영위원이 로비의 대상이 되는 것을 막기 위해 학교운영위원의 학교심사위 참여	분야 상이/상식성/중복 (1차 판정 기준 동일 적용)
X	natua_yes_no_finance-6478015_k1	0.0296	yes_no	코로나 재유행으로 올라갔던 미국 금리의 상승폭이 줄어들게 됐어	Yes	(3) 금융안정협의기구 설치 한국은행 및 기획재정부, 금융위원회가 각각 금융 안정 목표와 정책수단을 분담하고 있는 상황이므로 금융 안정이라는 공동의 목표를 달성하기 위하여 각 기관이 참여하는 금융 안정협의기구를 구성하여 설치할 필요가 있다. 금융 안정협의기구는 각 기관의 금융 안정 관련 정보를 교환하고, 정책을 협의하는 기능을 수행하여야 할 것이다. 금융 	분야 상이/상식성/중복 (1차 판정 기준 동일 적용)
X	natua_yes_no_finance-6478015_k2	0.0296	yes_no	코로나 재유행으로 올라갔던 미국 금리의 상승폭이 줄어들게 됐어	Yes	(3) 금융안정협의기구 설치 한국은행 및 기획재정부, 금융위원회가 각각 금융 안정 목표와 정책수단을 분담하고 있는 상황이므로 금융 안정이라는 공동의 목표를 달성하기 위하여 각 기관이 참여하는 금융 안정협의기구를 구성하여 설치할 필요가 있다. 금융 안정협의기구는 각 기관의 금융 안정 관련 정보를 교환하고, 정책을 협의하는 기능을 수행하여야 할 것이다. 금융 	분야 상이/상식성/중복 (1차 판정 기준 동일 적용)
X	natua_yes_no_finance-7714966_k1	0.0296	yes_no	여성의 고용과 출산율을 시도별로 많이 다를까	Yes	(2) 영란은행법은 통화정책과 관련하여 영란은행의 목적은 물가안정 유지 및 정부의 경제정책 지원이라고 규정하면서 별도로 금융시스템의 안정성을 유지하고 제고하는데 기여하는 것이 영란은행의 목적이라고 명시하고 있다. 또한 금융안정 목적을 위하여 재무부 및 금융감독당국과 협력하여야 함을 규정하고 있다. 영란은행법 제2조A(금융안정목적) : (1) 영란은행의 목적	분야 상이/상식성/중복 (1차 판정 기준 동일 적용)
X	natua_yes_no_finance-7714966_k2	0.0296	yes_no	여성의 고용과 출산율을 시도별로 많이 다를까	Yes	(2) 영란은행법은 통화정책과 관련하여 영란은행의 목적은 물가안정 유지 및 정부의 경제정책 지원이라고 규정하면서 별도로 금융시스템의 안정성을 유지하고 제고하는데 기여하는 것이 영란은행의 목적이라고 명시하고 있다. 또한 금융안정 목적을 위하여 재무부 및 금융감독당국과 협력하여야 함을 규정하고 있다. 영란은행법 제2조A(금융안정목적) : (1) 영란은행의 목적	분야 상이/상식성/중복 (1차 판정 기준 동일 적용)
X	natua_yes_no_finance-6437817_k3	0.0294	yes_no	지점 간 여객운송은 승차공유가 시작되기 전까지는 대부분 택시로 했지	Yes	교장공모제는 교장 임용 다양화정책의 일환으로 기존의 교장승진제도와 초빙교장제의 한계를 극복하고 학교와 지역 발전을 촉진할 수 있는 교장을 임용하기 위한 차원에서 도입되었다. 그간의 경위를 보면, 2005년 11월 교육인적자원부는 ‘교장초빙ㆍ공모제 시범운영 추진계획’을 마련하였고, 대통령자문 교육혁신위원회가 개선방안을 구상하였다. 그리고 2007년 4월에는 	분야 상이/상식성/중복 (1차 판정 기준 동일 적용)
X	natua_yes_no_finance-7462285_k3	0.0294	yes_no	성별 고용 유지율의 차이는 여성 근로자의 비율이 커지면 더 심화되니	Yes	고용보험법 시행령 일부개정령(안) 입법예고 1. 개정이유 기존에 직업안정기관의 장에게 위임하던 피보험자격관리 업무를 근로복지공단에 위탁함으로써 현재 고용보험의 적용 및 보험료 부과 업무와 고용보험 피보험자격관리 업무의 이원화에 따라 나타나는 행정 비효율 및 국민 불편사항 등을 개선하려는 것임 2. 주요내용 가. 피보험자격관리 업무를 근로복지공단에 위탁(안 	분야 상이/상식성/중복 (1차 판정 기준 동일 적용)
X	natua_yes_no_finance-7462284_k1	0.0291	yes_no	여성 근로자의 비중이 많아지면 성별 고용 유지율의 차이가 더 커질까	Yes	(3) 교육감의 임용권 견제 미비 교과부는 교장공모제를 확대 실시하여 교육감에 집중된 교장인사권을 단위학교로 분산하겠다고 발표하였다. 그러나 현제도는 인사권 분산에 있어 5, 6차 시범적용에 비해 큰 차이가 없다. 교육감이 교육청 심사위원회의 구성에 사실상 영향력을 행사할 수도 있다는 점에서 보면, 학운위 심사에서 상위 2인을 선정하여 추천하던 5차 시범적	분야 상이/상식성/중복 (1차 판정 기준 동일 적용)
X	natua_yes_no_finance-7462284_k2	0.0291	yes_no	여성 근로자의 비중이 많아지면 성별 고용 유지율의 차이가 더 커질까	Yes	(3) 교육감의 임용권 견제 미비 교과부는 교장공모제를 확대 실시하여 교육감에 집중된 교장인사권을 단위학교로 분산하겠다고 발표하였다. 그러나 현제도는 인사권 분산에 있어 5, 6차 시범적용에 비해 큰 차이가 없다. 교육감이 교육청 심사위원회의 구성에 사실상 영향력을 행사할 수도 있다는 점에서 보면, 학운위 심사에서 상위 2인을 선정하여 추천하던 5차 시범적	분야 상이/상식성/중복 (1차 판정 기준 동일 적용)
X	natua_yes_no_finance-7459884_k1	0.029	yes_no	30대와 40대가 비수도권과 수도권의 정규직 비중이 컸던 연령층이니	Yes	(2) 대규모 PHCB사업자 면허 의무화 등 면허 체계 개편 □ 차량과 사업 종류에 따른 기존의 면허 체계를 제공하는 서비스에 따른 새로운 면허 체계로 개편하고, 기존에는 관련 면허 제도가 없어 면허 취득 의무가 없었던 PHCB사업자 중 플랫폼에 등록된 차량이 800대 이상인 대규모 PHCB사업자에게도 해당 영업면허 취득을 의무화함 ○ 기존에는 택시운영사업	분야 상이/상식성/중복 (1차 판정 기준 동일 적용)
X	natua_yes_no_finance-7714967_k1	0.029	yes_no	각 시도마다 여성의 고용과 출산율이 크게 상이하니	Yes	1. 제정 배경과 경과 (1) 제정 배경 □ 싱가포르에서는 지점 간 여객운송(택시+승차공유, point-to-point passenger transport)이 크게 변화하면서 이에 대응하기 위하여 새로운 규제 프레임워크를 도입할 필요성이 제기됨 ○ 과거(2013년 이전)에는 지점 간 여객운송이 28,000여대의 택시만으로 주로 이루어졌고 관련 사업도 택시운	분야 상이/상식성/중복 (1차 판정 기준 동일 적용)
X	natua_yes_no_finance-7714967_k2	0.029	yes_no	각 시도마다 여성의 고용과 출산율이 크게 상이하니	Yes	1. 제정 배경과 경과 (1) 제정 배경 □ 싱가포르에서는 지점 간 여객운송(택시+승차공유, point-to-point passenger transport)이 크게 변화하면서 이에 대응하기 위하여 새로운 규제 프레임워크를 도입할 필요성이 제기됨 ○ 과거(2013년 이전)에는 지점 간 여객운송이 28,000여대의 택시만으로 주로 이루어졌고 관련 사업도 택시운	분야 상이/상식성/중복 (1차 판정 기준 동일 적용)
X	natua_yes_no_finance-7636471_k3	0.0289	yes_no	단순노무직은 수도권 보다 비수도권에서 비정규직 비중이 9퍼센트 높게 나온 업종이니	Yes	고용보험법 시행령 일부개정령(안) 입법예고 1. 개정이유 기존에 직업안정기관의 장에게 위임하던 피보험자격관리 업무를 근로복지공단에 위탁함으로써 현재 고용보험의 적용 및 보험료 부과 업무와 고용보험 피보험자격관리 업무의 이원화에 따라 나타나는 행정 비효율 및 국민 불편사항 등을 개선하려는 것임 2. 주요내용 가. 피보험자격관리 업무를 근로복지공단에 위탁(안 	분야 상이/상식성/중복 (1차 판정 기준 동일 적용)
X	natua_yes_no_finance-6794138_k2	0.0288	yes_no	한국은행법은 제정 당시에 형태상 제2유형의 중앙은행법으로 분류되었니	Yes	4. 개선방향 교장공모제는 교장인사제도의 개혁이자 학교자율화 정책의 핵심과제이다. 그러므로 앞에서 언급한 문제점을 보완하여 학교현장에 성공적으로 정착시키기 위한 노력이 필요하다. 이를 위한 개선방향을 제시하면 다음과 같다. (1) 단위학교의 선택권 강화 필요 교장공모제를 통하여 교장인사권의 분산을 도모한다면 제도 도입 여부 및 유형에 대한 선택권을 구성원들	분야 상이/상식성/중복 (1차 판정 기준 동일 적용)
X	natua_yes_no_finance-6437827_k3	0.0288	yes_no	택시와 승차공유 운전자 모두 운전자직업면허를 취득해야 하지만 정기 차량 검사는 택시만 받니	No	(2) 공정성과 참여확대 동시 추구 학부모와 교사 등 단위학교 구성원의 참여를 실질적으로 확대시킬 수 있는 방안을 모색할 필요가 있다. 학교 심사위원회가 적임자가 아니라고 판단할 경우는 2단계의 심사대상자로 추천하지 않는 것도 방안이 될 수 있다. 공정성을 강화하기 위한다는 구실로 단위학교의 참여를 크게 제한하는 방식은 설득력이 그리 높지 않다. 교과부가 	분야 상이/상식성/중복 (1차 판정 기준 동일 적용)
X	natua_yes_no_finance-7212448_k2	0.0286	yes_no	경력단절자가 기혼 여성 중 차지하는 비율은 29.2퍼센트니	Yes	(5) 기타 □ 장애인 등 교통약자가 이용할 수 있는 통합적인(inclusive) 지점 간 여객운송을 위한 규정을 마련함 ○ 택시운영사업자에게는 스마트폰 애플리케이션이나 인터넷 웹사이트 등을 활용하여 예약하기 어려운 사람들을 위해 전화 예약 콜센터를 운영할 의무를 부과함 ○ 소규모 사업자 외에 호출영업 면허를 받아야 하는 사업자에게는 승객이 차량 내 접이식	분야 상이/상식성/중복 (1차 판정 기준 동일 적용)
X	natua_yes_no_finance-7212448_k3	0.0286	yes_no	경력단절자가 기혼 여성 중 차지하는 비율은 29.2퍼센트니	Yes	(5) 기타 □ 장애인 등 교통약자가 이용할 수 있는 통합적인(inclusive) 지점 간 여객운송을 위한 규정을 마련함 ○ 택시운영사업자에게는 스마트폰 애플리케이션이나 인터넷 웹사이트 등을 활용하여 예약하기 어려운 사람들을 위해 전화 예약 콜센터를 운영할 의무를 부과함 ○ 소규모 사업자 외에 호출영업 면허를 받아야 하는 사업자에게는 승객이 차량 내 접이식	분야 상이/상식성/중복 (1차 판정 기준 동일 적용)
X	natua_yes_no_finance-7714966_k3	0.0283	yes_no	여성의 고용과 출산율을 시도별로 많이 다를까	Yes	□ 시사점 ◦ 우리나라도 싱가포르의 정책 사례를 참고하여 ① 스마트폰 애플리케이션을 활용한 서비스 도입 등 여객운송 산업에서 지금까지 나타난 변화에 대응하고 자율주행자동차의 등장 등 앞으로 다가올 더 큰 변화에 효과적으로 대응할 수 있도록 새로운 여객운송 정책 체계를 마련하고 ② 그 과정에서 정책 당사자의 소통과 협력을 통하여 정책 수립의 효율성 및 신뢰성	분야 상이/상식성/중복 (1차 판정 기준 동일 적용)
X	natua_yes_no_finance-6478016_k1	0.0282	yes_no	상승했던 미국 금리의 인상폭이 코로나 재유행 때문에 감소했어	Yes	1차 및 2차 세계대전, 금본위제의 붕괴와 경제에 관한 정부 역할에 대한 시각 변화 등에 따라 20세기 초까지 중앙은행은 공공정책 기관으로 완전히 변신하였다. 중앙은행들은 새로운 통화질서를 관리하는 임무를 갖게 되었으며, 아직 중앙은행을 설립하지 않은 국가들은 국가 거시경제에서 핵심 역할을 하는 중앙은행의 설립을 촉구 받았으며, 많은 국가에서 중앙은행의 국	분야 상이/상식성/중복 (1차 판정 기준 동일 적용)
X	natua_yes_no_finance-7212468_k3	0.0282	yes_no	독일 여성의 직장 복귀는 육아휴직기간이 늘어남에 따라 연기된 거지	Yes	1차 및 2차 세계대전, 금본위제의 붕괴와 경제에 관한 정부 역할에 대한 시각 변화 등에 따라 20세기 초까지 중앙은행은 공공정책 기관으로 완전히 변신하였다. 중앙은행들은 새로운 통화질서를 관리하는 임무를 갖게 되었으며, 아직 중앙은행을 설립하지 않은 국가들은 국가 거시경제에서 핵심 역할을 하는 중앙은행의 설립을 촉구 받았으며, 많은 국가에서 중앙은행의 국	분야 상이/상식성/중복 (1차 판정 기준 동일 적용)
X	natua_yes_no_finance-6437839_k2	0.0281	yes_no	자율주행자동차 운행에 대비해 여객운송 체계를 새롭게 바꿀 필요는 없는 걸까	No	4. 개선방향 교장공모제는 교장인사제도의 개혁이자 학교자율화 정책의 핵심과제이다. 그러므로 앞에서 언급한 문제점을 보완하여 학교현장에 성공적으로 정착시키기 위한 노력이 필요하다. 이를 위한 개선방향을 제시하면 다음과 같다. (1) 단위학교의 선택권 강화 필요 교장공모제를 통하여 교장인사권의 분산을 도모한다면 제도 도입 여부 및 유형에 대한 선택권을 구성원들	분야 상이/상식성/중복 (1차 판정 기준 동일 적용)
X	natua_yes_no_finance-7462587_k3	0.0279	yes_no	비수도권과 수도권은 연령상승으로 인한 임금상승분이 비슷했을까	Yes	(3) 승객과 운전자의 안전 보장 조치 □ 모든 사업자(면허가 불필요한 소규모 사업자 포함)는 해당 차량 운행에 필요한 직업면허를 갖춘 운전자와 보험에 가입하고 차량 검사에 합격한 차량만을 활용하여 직접 차량을 운행하거나 예약을 중개할 수 있으며, 이를 위반하는 사업자에 대해서는 육상교통청이 운전자들에게 그 사업자를 위하여 운전하는 것을 금지할 수 있음 ○	분야 상이/상식성/중복 (1차 판정 기준 동일 적용)
X	natua_yes_no_finance-7634489_k3	0.0279	yes_no	비정규직 비중이 큰 건 수도권지역의 고졸에서만이지	No	□ 시사점 ◦ 우리나라도 싱가포르의 정책 사례를 참고하여 ① 스마트폰 애플리케이션을 활용한 서비스 도입 등 여객운송 산업에서 지금까지 나타난 변화에 대응하고 자율주행자동차의 등장 등 앞으로 다가올 더 큰 변화에 효과적으로 대응할 수 있도록 새로운 여객운송 정책 체계를 마련하고 ② 그 과정에서 정책 당사자의 소통과 협력을 통하여 정책 수립의 효율성 및 신뢰성	분야 상이/상식성/중복 (1차 판정 기준 동일 적용)
X	natua_yes_no_finance-6437839_k3	0.0277	yes_no	자율주행자동차 운행에 대비해 여객운송 체계를 새롭게 바꿀 필요는 없는 걸까	No	(2) 유관기관간 MOU 체결 기획재정부, 금융위원회 등과 금융 안정과 관련하여 어느 기관이 어떠한 책임을 갖는지를 명확하게 하는 MOU를 체결함으로써 유관기관 간 책임관계를 분명히 하고 평상시 및 위기 시의 협력분야, 절차 등을 정할 필요가 있다. 즉 현재 정보 공유와 공동검사에 국한된 한국은행과 금융 감독당국과의 MOU가 존재하고 있으나, 유관기관이 명	분야 상이/상식성/중복 (1차 판정 기준 동일 적용)
X	natua_yes_no_finance-6478015_k3	0.0277	yes_no	코로나 재유행으로 올라갔던 미국 금리의 상승폭이 줄어들게 됐어	Yes	〈표 3-7〉을 보면, 학력수준이 높아질수록 수도권과 비수도권 모두 정규직-비정규직간 임금차이가 더욱 벌어지는 현상이 나타나고, 특히 대졸이상인 경우 수도권에서 큰 차이를 보였다. 3.1.5 근속년수별 임금수준에 대한 비교 〈표 3-8〉을 보면, 근속기간이 증가할수록 임금수준뿐만 아니라 수도권-비수도권간 임금차이도 증가하는 경향을 보였다. 특히 5-10년의	분야 상이/상식성/중복 (1차 판정 기준 동일 적용)
X	natua_yes_no_finance-6390529_k1	0.0277	yes_no	교육감이 주도하던 교장 인사권을 단위별 학교로 분산하겠다고 교육과학기술부는 발표했어	Yes	육아휴직지원 제도는 휴직기간과 휴직 중 급여로 구분할 수 있다. 육아휴직 기간의 연장이 여성의 노동시장 참여도에 미치는 단기적인 영향의 추정치는 국가에 따라 다르나, 장기적인 효과는 대부분 거의 없는 것으로 추정되었다.  캐나다에서는 2000년에 유급 육아휴직이 25주에서 50주로 연장되었다. Hanratty and Trzcinski(2009)는 이러한 정	분야 상이/상식성/중복 (1차 판정 기준 동일 적용)
X	natua_yes_no_finance-6390529_k2	0.0277	yes_no	교육감이 주도하던 교장 인사권을 단위별 학교로 분산하겠다고 교육과학기술부는 발표했어	Yes	육아휴직지원 제도는 휴직기간과 휴직 중 급여로 구분할 수 있다. 육아휴직 기간의 연장이 여성의 노동시장 참여도에 미치는 단기적인 영향의 추정치는 국가에 따라 다르나, 장기적인 효과는 대부분 거의 없는 것으로 추정되었다.  캐나다에서는 2000년에 유급 육아휴직이 25주에서 50주로 연장되었다. Hanratty and Trzcinski(2009)는 이러한 정	분야 상이/상식성/중복 (1차 판정 기준 동일 적용)
X	natua_yes_no_finance-6437835_k1	0.0276	yes_no	카풀 사업자에 대해 적용되던 여러 가지 의무가 풀리게 됐어	No	반면, [그림 8]의 패널 (2)에서 보는 바와 같이 경기도내 지역에 따라 성별 고용률 차이와 출산율 사이에는 뚜렷한 음의 상관관계를 찾을 수 있다. 구체적으로 경기도에서 성별 고용률 격차가 가장 큰 지역은 오산시(32.7%p), 화성시(30.6%p), 남양주시(30.1%p), 용인시(29.5%p), 시흥시(29.5%p) 순으로 나타났고, 가장 낮은 지역은	분야 상이/상식성/중복 (1차 판정 기준 동일 적용)
X	natua_yes_no_finance-6437835_k2	0.0276	yes_no	카풀 사업자에 대해 적용되던 여러 가지 의무가 풀리게 됐어	No	반면, [그림 8]의 패널 (2)에서 보는 바와 같이 경기도내 지역에 따라 성별 고용률 차이와 출산율 사이에는 뚜렷한 음의 상관관계를 찾을 수 있다. 구체적으로 경기도에서 성별 고용률 격차가 가장 큰 지역은 오산시(32.7%p), 화성시(30.6%p), 남양주시(30.1%p), 용인시(29.5%p), 시흥시(29.5%p) 순으로 나타났고, 가장 낮은 지역은	분야 상이/상식성/중복 (1차 판정 기준 동일 적용)
X	natua_yes_no_finance-6437835_k3	0.0274	yes_no	카풀 사업자에 대해 적용되던 여러 가지 의무가 풀리게 됐어	No	본 실증 분석에서는 보육료 지원 사업이 여성 고용을 증진시키는 데에 뚜렷한 효과가 없는 것으로 나타났으나, 이는 보육 지원 자체의 효과가 없기 때문이라기보다는 보육 지원 방식이 제한적이기 때문인 것으로 사료된다. 앞서 언급했듯이 현재의  보육료 지원은 부모가 자녀를 보육시설에 보냈을 때에만 혜택을 받을 수 있다는 점에서 시설을 통한 보육을 지원하는 현물 급	분야 상이/상식성/중복 (1차 판정 기준 동일 적용)
X	natua_yes_no_finance-7212454_k1	0.0274	yes_no	경기도에서 남자에 비해 여성의 고용률이 저조했을까	Yes	□ 제정 배경과 경과 ◦ 싱가포르에서는 기존의 택시 위주 규제 체계로는 승차공유의 등장과 스마트폰을 활용한 예약 서비스 도입 등 지점 간 여객운송(택시+승차공유)의 변화에 대응하기 어렵다는 점이 지적되면서 「지점 간 여객운송사업법 2019」를 제정하고 새로운 규제 프레임워크를 도입함 ◦ 해당 법률은 2019년 8월 싱가포르 국회를 통과하여 2020년 시행을	분야 상이/상식성/중복 (1차 판정 기준 동일 적용)
X	natua_yes_no_finance-7212454_k2	0.0274	yes_no	경기도에서 남자에 비해 여성의 고용률이 저조했을까	Yes	□ 제정 배경과 경과 ◦ 싱가포르에서는 기존의 택시 위주 규제 체계로는 승차공유의 등장과 스마트폰을 활용한 예약 서비스 도입 등 지점 간 여객운송(택시+승차공유)의 변화에 대응하기 어렵다는 점이 지적되면서 「지점 간 여객운송사업법 2019」를 제정하고 새로운 규제 프레임워크를 도입함 ◦ 해당 법률은 2019년 8월 싱가포르 국회를 통과하여 2020년 시행을	분야 상이/상식성/중복 (1차 판정 기준 동일 적용)
X	natua_yes_no_finance-7459884_k2	0.0273	yes_no	30대와 40대가 비수도권과 수도권의 정규직 비중이 컸던 연령층이니	Yes	(3) 승객과 운전자의 안전 보장 조치 □ 모든 사업자(면허가 불필요한 소규모 사업자 포함)는 해당 차량 운행에 필요한 직업면허를 갖춘 운전자와 보험에 가입하고 차량 검사에 합격한 차량만을 활용하여 직접 차량을 운행하거나 예약을 중개할 수 있으며, 이를 위반하는 사업자에 대해서는 육상교통청이 운전자들에게 그 사업자를 위하여 운전하는 것을 금지할 수 있음 ○	분야 상이/상식성/중복 (1차 판정 기준 동일 적용)
X	natua_yes_no_finance-7212491_k3	0.0273	yes_no	성별 고용률의 격차 요인은 여성 근로자의 비중과 사업장의 규모일까	Yes	(3) 승객과 운전자의 안전 보장 조치 □ 모든 사업자(면허가 불필요한 소규모 사업자 포함)는 해당 차량 운행에 필요한 직업면허를 갖춘 운전자와 보험에 가입하고 차량 검사에 합격한 차량만을 활용하여 직접 차량을 운행하거나 예약을 중개할 수 있으며, 이를 위반하는 사업자에 대해서는 육상교통청이 운전자들에게 그 사업자를 위하여 운전하는 것을 금지할 수 있음 ○	분야 상이/상식성/중복 (1차 판정 기준 동일 적용)
X	natua_yes_no_finance-6437836_k1	0.0272	yes_no	카풀 업체에 대해 적용하던 규제가 완화됐어	No	고용보험법 시행령 일부개정령(안) 입법예고 1. 개정이유 기존에 직업안정기관의 장에게 위임하던 피보험자격관리 업무를 근로복지공단에 위탁함으로써 현재 고용보험의 적용 및 보험료 부과 업무와 고용보험 피보험자격관리 업무의 이원화에 따라 나타나는 행정 비효율 및 국민 불편사항 등을 개선하려는 것임 2. 주요내용 가. 피보험자격관리 업무를 근로복지공단에 위탁(안 	분야 상이/상식성/중복 (1차 판정 기준 동일 적용)
X	natua_yes_no_finance-6437836_k2	0.0272	yes_no	카풀 업체에 대해 적용하던 규제가 완화됐어	No	(3) 교육감의 임용권 견제 미비 교과부는 교장공모제를 확대 실시하여 교육감에 집중된 교장인사권을 단위학교로 분산하겠다고 발표하였다. 그러나 현제도는 인사권 분산에 있어 5, 6차 시범적용에 비해 큰 차이가 없다. 교육감이 교육청 심사위원회의 구성에 사실상 영향력을 행사할 수도 있다는 점에서 보면, 학운위 심사에서 상위 2인을 선정하여 추천하던 5차 시범적	분야 상이/상식성/중복 (1차 판정 기준 동일 적용)
X	natua_yes_no_finance-6437836_k3	0.0272	yes_no	카풀 업체에 대해 적용하던 규제가 완화됐어	No	(3) 교육감의 임용권 견제 미비 교과부는 교장공모제를 확대 실시하여 교육감에 집중된 교장인사권을 단위학교로 분산하겠다고 발표하였다. 그러나 현제도는 인사권 분산에 있어 5, 6차 시범적용에 비해 큰 차이가 없다. 교육감이 교육청 심사위원회의 구성에 사실상 영향력을 행사할 수도 있다는 점에서 보면, 학운위 심사에서 상위 2인을 선정하여 추천하던 5차 시범적	분야 상이/상식성/중복 (1차 판정 기준 동일 적용)
X	natua_yes_no_finance-6478016_k2	0.0271	yes_no	상승했던 미국 금리의 인상폭이 코로나 재유행 때문에 감소했어	Yes	□ 소규모 사업자 외에 면허를 받아야 하는 사업자는 육상교통청에 통행 및 운전자 관련 자료를 제출하여 야 하며, 육상교통청은 위반행위나 안전사고에 관한 사업자의 보고 의무와 조치 방안 등을 포함한 사업자 준수규범을 마련할 수 있음 □ 육상교통청은 결함이 있거나 위험성이 있는 자동차 모델의 사용을 금지하는 등 필요한 경우 모든 사업자(면허가 불필요한 소규모 	분야 상이/상식성/중복 (1차 판정 기준 동일 적용)
X	natua_yes_no_finance-6478016_k3	0.0271	yes_no	상승했던 미국 금리의 인상폭이 코로나 재유행 때문에 감소했어	Yes	□ 소규모 사업자 외에 면허를 받아야 하는 사업자는 육상교통청에 통행 및 운전자 관련 자료를 제출하여 야 하며, 육상교통청은 위반행위나 안전사고에 관한 사업자의 보고 의무와 조치 방안 등을 포함한 사업자 준수규범을 마련할 수 있음 □ 육상교통청은 결함이 있거나 위험성이 있는 자동차 모델의 사용을 금지하는 등 필요한 경우 모든 사업자(면허가 불필요한 소규모 	분야 상이/상식성/중복 (1차 판정 기준 동일 적용)
X	natua_yes_no_finance-6390518_k1	0.0271	yes_no	교육인적자원부는 다각도로 교장을 채용하고자 교장공모제 시범운영 추진계획을 준비했어	Yes	Ⅳ. 보완방안 1. 금융안정에 대한 측정지표 개발, 금융안정 책임에 관한 유관기관과의 MOU체결 및 금융안정협의기구 구성 추진 (1) 금융안정 측정지표 개발 금융안정을 측정하는 신뢰할 수 있는 측정 지표를 개발함으로써 금융안정을 위한 정책 방향 및 법적 책임을 명확하게 설정할 필요가 있다. 즉 금융 안정 측정지표를 개발하여 목표 인플레이션을 정하고 이를 달	분야 상이/상식성/중복 (1차 판정 기준 동일 적용)
X	natua_yes_no_finance-6390518_k2	0.0271	yes_no	교육인적자원부는 다각도로 교장을 채용하고자 교장공모제 시범운영 추진계획을 준비했어	Yes	Ⅳ. 보완방안 1. 금융안정에 대한 측정지표 개발, 금융안정 책임에 관한 유관기관과의 MOU체결 및 금융안정협의기구 구성 추진 (1) 금융안정 측정지표 개발 금융안정을 측정하는 신뢰할 수 있는 측정 지표를 개발함으로써 금융안정을 위한 정책 방향 및 법적 책임을 명확하게 설정할 필요가 있다. 즉 금융 안정 측정지표를 개발하여 목표 인플레이션을 정하고 이를 달	분야 상이/상식성/중복 (1차 판정 기준 동일 적용)
X	natua_yes_no_finance-7459884_k3	0.027	yes_no	30대와 40대가 비수도권과 수도권의 정규직 비중이 컸던 연령층이니	Yes	○ 영업용 차량인 택시와 관련된 사업으로는 택시운영사업과 제3자 택시 예약서비스 제공사업(TPB 사업)이 있고, 영업용 차량이 아닌 일반 차량을 이용하는 승차공유 관련 사업으로는 승차공유 예약 서비스 제공사업(PHCB사업)이 있음([표 1] 참고) - 우리나라와 비교하여 설명하면 택시운영사업은 우리나라의 일반적인 택시사업과, 제3자 택시 예약서비스 제공사업	분야 상이/상식성/중복 (1차 판정 기준 동일 적용)
X	natua_yes_no_finance-7212431_k1	0.027	yes_no	꾸준한 양질의 일자리 창출을 위해 신성장동력 산업을 키워야 할까	Yes	□ 소규모 사업자 외에 면허를 받아야 하는 사업자는 육상교통청에 통행 및 운전자 관련 자료를 제출하여 야 하며, 육상교통청은 위반행위나 안전사고에 관한 사업자의 보고 의무와 조치 방안 등을 포함한 사업자 준수규범을 마련할 수 있음 □ 육상교통청은 결함이 있거나 위험성이 있는 자동차 모델의 사용을 금지하는 등 필요한 경우 모든 사업자(면허가 불필요한 소규모 	분야 상이/상식성/중복 (1차 판정 기준 동일 적용)
X	natua_yes_no_finance-7212431_k2	0.027	yes_no	꾸준한 양질의 일자리 창출을 위해 신성장동력 산업을 키워야 할까	Yes	□ 소규모 사업자 외에 면허를 받아야 하는 사업자는 육상교통청에 통행 및 운전자 관련 자료를 제출하여 야 하며, 육상교통청은 위반행위나 안전사고에 관한 사업자의 보고 의무와 조치 방안 등을 포함한 사업자 준수규범을 마련할 수 있음 □ 육상교통청은 결함이 있거나 위험성이 있는 자동차 모델의 사용을 금지하는 등 필요한 경우 모든 사업자(면허가 불필요한 소규모 	분야 상이/상식성/중복 (1차 판정 기준 동일 적용)
X	natua_yes_no_finance-7212465_k1	0.027	yes_no	오십 주로 유급 육아휴직을 늘린 국가가 캐나다일까	Yes	금융위원회와 그 소속기관 직제 시행규칙 일부개정령(안) 입법예고 1. 개정이유 신용정보회사 등의 관리 강화를 위하여 필요한 인력 1명(5급 1명)을 증원하고, 인력 관리의 효율성을 높이기 위하여 금융위원회 인력 1명(기록연구사 1명)을 금융정보분석원으로 재배정하는 것으로「금융위원회와 그 소속기관 직제」(대통령령 제00000호, 2016. 00. 00. 공포	분야 상이/상식성/중복 (1차 판정 기준 동일 적용)
X	natua_yes_no_finance-7212465_k2	0.027	yes_no	오십 주로 유급 육아휴직을 늘린 국가가 캐나다일까	Yes	금융위원회와 그 소속기관 직제 시행규칙 일부개정령(안) 입법예고 1. 개정이유 신용정보회사 등의 관리 강화를 위하여 필요한 인력 1명(5급 1명)을 증원하고, 인력 관리의 효율성을 높이기 위하여 금융위원회 인력 1명(기록연구사 1명)을 금융정보분석원으로 재배정하는 것으로「금융위원회와 그 소속기관 직제」(대통령령 제00000호, 2016. 00. 00. 공포	분야 상이/상식성/중복 (1차 판정 기준 동일 적용)
X	natua_yes_no_finance-7212447_k1	0.0269	yes_no	결혼한 여성 가운데 경력단절자의 비율은 29.2퍼센트일까	Yes	□ 제정 배경과 경과 ◦ 싱가포르에서는 기존의 택시 위주 규제 체계로는 승차공유의 등장과 스마트폰을 활용한 예약 서비스 도입 등 지점 간 여객운송(택시+승차공유)의 변화에 대응하기 어렵다는 점이 지적되면서 「지점 간 여객운송사업법 2019」를 제정하고 새로운 규제 프레임워크를 도입함 ◦ 해당 법률은 2019년 8월 싱가포르 국회를 통과하여 2020년 시행을	분야 상이/상식성/중복 (1차 판정 기준 동일 적용)
X	natua_yes_no_finance-7212447_k2	0.0269	yes_no	결혼한 여성 가운데 경력단절자의 비율은 29.2퍼센트일까	Yes	□ 제정 배경과 경과 ◦ 싱가포르에서는 기존의 택시 위주 규제 체계로는 승차공유의 등장과 스마트폰을 활용한 예약 서비스 도입 등 지점 간 여객운송(택시+승차공유)의 변화에 대응하기 어렵다는 점이 지적되면서 「지점 간 여객운송사업법 2019」를 제정하고 새로운 규제 프레임워크를 도입함 ◦ 해당 법률은 2019년 8월 싱가포르 국회를 통과하여 2020년 시행을	분야 상이/상식성/중복 (1차 판정 기준 동일 적용)
X	natua_yes_no_finance-6390523_k1	0.0268	yes_no	서울시 몇몇 학교에서 초빙형 교장공모제를 통해 교장을 뽑았어	No	□ 제정 배경과 경과 ◦ 싱가포르에서는 기존의 택시 위주 규제 체계로는 승차공유의 등장과 스마트폰을 활용한 예약 서비스 도입 등 지점 간 여객운송(택시+승차공유)의 변화에 대응하기 어렵다는 점이 지적되면서 「지점 간 여객운송사업법 2019」를 제정하고 새로운 규제 프레임워크를 도입함 ◦ 해당 법률은 2019년 8월 싱가포르 국회를 통과하여 2020년 시행을	분야 상이/상식성/중복 (1차 판정 기준 동일 적용)
X	natua_yes_no_finance-6390523_k2	0.0268	yes_no	서울시 몇몇 학교에서 초빙형 교장공모제를 통해 교장을 뽑았어	No	□ 제정 배경과 경과 ◦ 싱가포르에서는 기존의 택시 위주 규제 체계로는 승차공유의 등장과 스마트폰을 활용한 예약 서비스 도입 등 지점 간 여객운송(택시+승차공유)의 변화에 대응하기 어렵다는 점이 지적되면서 「지점 간 여객운송사업법 2019」를 제정하고 새로운 규제 프레임워크를 도입함 ◦ 해당 법률은 2019년 8월 싱가포르 국회를 통과하여 2020년 시행을	분야 상이/상식성/중복 (1차 판정 기준 동일 적용)
X	natua_yes_no_finance-7634488_k1	0.0268	yes_no	수도권에서는 고졸에서만 비정규직 비율이 높았던 거지	No	(3) 교육감의 임용권 견제 미비 교과부는 교장공모제를 확대 실시하여 교육감에 집중된 교장인사권을 단위학교로 분산하겠다고 발표하였다. 그러나 현제도는 인사권 분산에 있어 5, 6차 시범적용에 비해 큰 차이가 없다. 교육감이 교육청 심사위원회의 구성에 사실상 영향력을 행사할 수도 있다는 점에서 보면, 학운위 심사에서 상위 2인을 선정하여 추천하던 5차 시범적	분야 상이/상식성/중복 (1차 판정 기준 동일 적용)
X	natua_yes_no_finance-7634488_k2	0.0268	yes_no	수도권에서는 고졸에서만 비정규직 비율이 높았던 거지	No	(3) 교육감의 임용권 견제 미비 교과부는 교장공모제를 확대 실시하여 교육감에 집중된 교장인사권을 단위학교로 분산하겠다고 발표하였다. 그러나 현제도는 인사권 분산에 있어 5, 6차 시범적용에 비해 큰 차이가 없다. 교육감이 교육청 심사위원회의 구성에 사실상 영향력을 행사할 수도 있다는 점에서 보면, 학운위 심사에서 상위 2인을 선정하여 추천하던 5차 시범적	분야 상이/상식성/중복 (1차 판정 기준 동일 적용)
X	natua_yes_no_finance-7212454_k3	0.0268	yes_no	경기도에서 남자에 비해 여성의 고용률이 저조했을까	Yes	(3) 교육감의 임용권 견제 미비 교과부는 교장공모제를 확대 실시하여 교육감에 집중된 교장인사권을 단위학교로 분산하겠다고 발표하였다. 그러나 현제도는 인사권 분산에 있어 5, 6차 시범적용에 비해 큰 차이가 없다. 교육감이 교육청 심사위원회의 구성에 사실상 영향력을 행사할 수도 있다는 점에서 보면, 학운위 심사에서 상위 2인을 선정하여 추천하던 5차 시범적	분야 상이/상식성/중복 (1차 판정 기준 동일 적용)
X	natua_yes_no_finance-7462284_k3	0.0268	yes_no	여성 근로자의 비중이 많아지면 성별 고용 유지율의 차이가 더 커질까	Yes	□ 시사점 ◦ 우리나라도 싱가포르의 정책 사례를 참고하여 ① 스마트폰 애플리케이션을 활용한 서비스 도입 등 여객운송 산업에서 지금까지 나타난 변화에 대응하고 자율주행자동차의 등장 등 앞으로 다가올 더 큰 변화에 효과적으로 대응할 수 있도록 새로운 여객운송 정책 체계를 마련하고 ② 그 과정에서 정책 당사자의 소통과 협력을 통하여 정책 수립의 효율성 및 신뢰성	분야 상이/상식성/중복 (1차 판정 기준 동일 적용)
X	natua_yes_no_finance-6390529_k3	0.0266	yes_no	교육감이 주도하던 교장 인사권을 단위별 학교로 분산하겠다고 교육과학기술부는 발표했어	Yes	〈표 3-7〉을 보면, 학력수준이 높아질수록 수도권과 비수도권 모두 정규직-비정규직간 임금차이가 더욱 벌어지는 현상이 나타나고, 특히 대졸이상인 경우 수도권에서 큰 차이를 보였다. 3.1.5 근속년수별 임금수준에 대한 비교 〈표 3-8〉을 보면, 근속기간이 증가할수록 임금수준뿐만 아니라 수도권-비수도권간 임금차이도 증가하는 경향을 보였다. 특히 5-10년의	분야 상이/상식성/중복 (1차 판정 기준 동일 적용)
X	natua_yes_no_finance-7212525_k3	0.0266	yes_no	청년층 취업자수가 늘어나고 있는 부문이 도소매 숙박음식점업일까	Yes	(2) 공정성과 참여확대 동시 추구 학부모와 교사 등 단위학교 구성원의 참여를 실질적으로 확대시킬 수 있는 방안을 모색할 필요가 있다. 학교 심사위원회가 적임자가 아니라고 판단할 경우는 2단계의 심사대상자로 추천하지 않는 것도 방안이 될 수 있다. 공정성을 강화하기 위한다는 구실로 단위학교의 참여를 크게 제한하는 방식은 설득력이 그리 높지 않다. 교과부가 	분야 상이/상식성/중복 (1차 판정 기준 동일 적용)
X	natua_yes_no_finance-7714967_k3	0.0265	yes_no	각 시도마다 여성의 고용과 출산율이 크게 상이하니	Yes	(3) 금융안정협의기구 설치 한국은행 및 기획재정부, 금융위원회가 각각 금융 안정 목표와 정책수단을 분담하고 있는 상황이므로 금융 안정이라는 공동의 목표를 달성하기 위하여 각 기관이 참여하는 금융 안정협의기구를 구성하여 설치할 필요가 있다. 금융 안정협의기구는 각 기관의 금융 안정 관련 정보를 교환하고, 정책을 협의하는 기능을 수행하여야 할 것이다. 금융 	분야 상이/상식성/중복 (1차 판정 기준 동일 적용)
X	natua_yes_no_finance-7419873_k1	0.0265	yes_no	19세부터 26세까지의 고용률은 여성보다 남자가 더 높았지	No	□ 제정 배경과 경과 ◦ 싱가포르에서는 기존의 택시 위주 규제 체계로는 승차공유의 등장과 스마트폰을 활용한 예약 서비스 도입 등 지점 간 여객운송(택시+승차공유)의 변화에 대응하기 어렵다는 점이 지적되면서 「지점 간 여객운송사업법 2019」를 제정하고 새로운 규제 프레임워크를 도입함 ◦ 해당 법률은 2019년 8월 싱가포르 국회를 통과하여 2020년 시행을	분야 상이/상식성/중복 (1차 판정 기준 동일 적용)
X	natua_yes_no_finance-7419873_k2	0.0265	yes_no	19세부터 26세까지의 고용률은 여성보다 남자가 더 높았지	No	□ 제정 배경과 경과 ◦ 싱가포르에서는 기존의 택시 위주 규제 체계로는 승차공유의 등장과 스마트폰을 활용한 예약 서비스 도입 등 지점 간 여객운송(택시+승차공유)의 변화에 대응하기 어렵다는 점이 지적되면서 「지점 간 여객운송사업법 2019」를 제정하고 새로운 규제 프레임워크를 도입함 ◦ 해당 법률은 2019년 8월 싱가포르 국회를 통과하여 2020년 시행을	분야 상이/상식성/중복 (1차 판정 기준 동일 적용)
X	natua_yes_no_finance-6794138_k3	0.0264	yes_no	한국은행법은 제정 당시에 형태상 제2유형의 중앙은행법으로 분류되었니	Yes	□ 제정 배경과 경과 ◦ 싱가포르에서는 기존의 택시 위주 규제 체계로는 승차공유의 등장과 스마트폰을 활용한 예약 서비스 도입 등 지점 간 여객운송(택시+승차공유)의 변화에 대응하기 어렵다는 점이 지적되면서 「지점 간 여객운송사업법 2019」를 제정하고 새로운 규제 프레임워크를 도입함 ◦ 해당 법률은 2019년 8월 싱가포르 국회를 통과하여 2020년 시행을	분야 상이/상식성/중복 (1차 판정 기준 동일 적용)
X	natua_yes_no_finance-7212447_k3	0.0264	yes_no	결혼한 여성 가운데 경력단절자의 비율은 29.2퍼센트일까	Yes	(2) 2010년 확대실시 및 심사절차 교과부는 올해 9월 교장임용에서 768개교의 교장 결원 예정학교 가운데 56%인 436개교에서 초빙형 교장공모제를 실시하겠다고 발표하였다. 서울은 결원 학교수의 100%인 76개교에서 실시하였고, 인천은 약 67%, 그 밖의 지역은 약 50%에서 초빙형 교장공모제를 실시하였다. 교장공모 신청 결과 전국 평균경쟁률은 4	분야 상이/상식성/중복 (1차 판정 기준 동일 적용)
X	natua_yes_no_finance-7459883_k1	0.026	yes_no	비수도권과 수도권의 정규직 비율이 높았던 연령층은 3,40대였을까	Yes	(3) 교육감의 임용권 견제 미비 교과부는 교장공모제를 확대 실시하여 교육감에 집중된 교장인사권을 단위학교로 분산하겠다고 발표하였다. 그러나 현제도는 인사권 분산에 있어 5, 6차 시범적용에 비해 큰 차이가 없다. 교육감이 교육청 심사위원회의 구성에 사실상 영향력을 행사할 수도 있다는 점에서 보면, 학운위 심사에서 상위 2인을 선정하여 추천하던 5차 시범적	분야 상이/상식성/중복 (1차 판정 기준 동일 적용)
X	natua_yes_no_finance-7459883_k2	0.026	yes_no	비수도권과 수도권의 정규직 비율이 높았던 연령층은 3,40대였을까	Yes	(3) 교육감의 임용권 견제 미비 교과부는 교장공모제를 확대 실시하여 교육감에 집중된 교장인사권을 단위학교로 분산하겠다고 발표하였다. 그러나 현제도는 인사권 분산에 있어 5, 6차 시범적용에 비해 큰 차이가 없다. 교육감이 교육청 심사위원회의 구성에 사실상 영향력을 행사할 수도 있다는 점에서 보면, 학운위 심사에서 상위 2인을 선정하여 추천하던 5차 시범적	분야 상이/상식성/중복 (1차 판정 기준 동일 적용)
X	natua_yes_no_finance-6794169_k1	0.0259	yes_no	중앙은행이 국유화로 추진된 나라는 적은 편일까	No	(2) 당사자 간 지속적인 소통과 협력을 통한 정책 마련 □ 우리나라에서는 현재 당사자들이 첨예하게 대립하고 있고, 정책 당사자의 참여를 통한 지속적인 소통과 협력이 이루어지지 못해 효과적인 정책의 수립·집행이 제한되고 있음 □ 싱가포르의 경우 새로운 규제 프레임워크를 도입하는 과정에 정책 당사자인 운전자, 택시협회, 승차공유차량협회, 사업자, 일반 국민이	분야 상이/상식성/중복 (1차 판정 기준 동일 적용)
X	natua_yes_no_finance-7212466_k3	0.0258	yes_no	캐나다는 50주로 유급 육아휴직을 연장한 나라니	Yes	(2) 당사자 간 지속적인 소통과 협력을 통한 정책 마련 □ 우리나라에서는 현재 당사자들이 첨예하게 대립하고 있고, 정책 당사자의 참여를 통한 지속적인 소통과 협력이 이루어지지 못해 효과적인 정책의 수립·집행이 제한되고 있음 □ 싱가포르의 경우 새로운 규제 프레임워크를 도입하는 과정에 정책 당사자인 운전자, 택시협회, 승차공유차량협회, 사업자, 일반 국민이	분야 상이/상식성/중복 (1차 판정 기준 동일 적용)
X	natua_yes_no_finance-7462588_k3	0.0256	yes_no	연령상승에 따른 임금상승분은 비수도권과 수도권이 비슷했니	Yes	(2) 대규모 PHCB사업자 면허 의무화 등 면허 체계 개편 □ 차량과 사업 종류에 따른 기존의 면허 체계를 제공하는 서비스에 따른 새로운 면허 체계로 개편하고, 기존에는 관련 면허 제도가 없어 면허 취득 의무가 없었던 PHCB사업자 중 플랫폼에 등록된 차량이 800대 이상인 대규모 PHCB사업자에게도 해당 영업면허 취득을 의무화함 ○ 기존에는 택시운영사업	분야 상이/상식성/중복 (1차 판정 기준 동일 적용)
X	natua_yes_no_finance-7212429_k3	0.0255	yes_no	비수도권보다 수도권에서 비교적 높았던 것은 임금수준일까	Yes	넷째, 조직의 목적은 조직의 업무 수행의 방향과 한계를 규정하는 의미를 갖는다. 그런데 한국은행 법은 금융 안정에 유의하여야 함을 제1조(목적 조항)에 규정하고 있는데 이는 한국은행은 금융 안정을 유지하고, 금융 안정 상태에서 이탈하지 않도록 통화신용정책을 수행하여야 한다는 것을 의미한다. 결국 한국은행 법에서 금융 안정은 물가 안정과 더불어 한국은행 업무	분야 상이/상식성/중복 (1차 판정 기준 동일 적용)
X	natua_yes_no_finance-6794169_k2	0.025	yes_no	중앙은행이 국유화로 추진된 나라는 적은 편일까	No	□ 한국은행은 지난 3월 30일부터 약 한달간 일반 국민들과 소통의 폭을 넓혀 나가기 위하여 처음으로 ｢한국은행 스토리텔링｣을 공모하였음     ㅇ 공모내용은 한국은행과 관련한 미담이나 체험담을 600자 내외로 엮은 스토리임 □ 공모 결과 전국 각지에서 총 196명이 응모하였으며, 1차 심사에서 100편의 후보작을 뽑은 후 외부 심사위원이 포함된 2차 심사	분야 상이/상식성/중복 (1차 판정 기준 동일 적용)
X	natua_yes_no_finance-6390518_k3	0.0248	yes_no	교육인적자원부는 다각도로 교장을 채용하고자 교장공모제 시범운영 추진계획을 준비했어	Yes	□ 지금까지의 변화에 대응하고 자율주행자동차의 등장이나 교통수단 간 연계 강화 등 앞으로 다가올 더 큰 변화를 받아들일 수 있도록, 제공되는 서비스에 기반하여 규제 체계를 개편한 싱가포르의 사례를 참고하여 새로운 여객운송 정책 체계 마련을 검토해볼 필요성이 있음 ○ 특히 대규모 PHCB사업자에 대하여도 해당 영업면허 취득 위무를 부과하는 등 여객운송 산업에	분야 상이/상식성/중복 (1차 판정 기준 동일 적용)
X	natua_yes_no_finance-7459883_k3	0.0247	yes_no	비수도권과 수도권의 정규직 비율이 높았던 연령층은 3,40대였을까	Yes	(2) 대규모 PHCB사업자 면허 의무화 등 면허 체계 개편 □ 차량과 사업 종류에 따른 기존의 면허 체계를 제공하는 서비스에 따른 새로운 면허 체계로 개편하고, 기존에는 관련 면허 제도가 없어 면허 취득 의무가 없었던 PHCB사업자 중 플랫폼에 등록된 차량이 800대 이상인 대규모 PHCB사업자에게도 해당 영업면허 취득을 의무화함 ○ 기존에는 택시운영사업	분야 상이/상식성/중복 (1차 판정 기준 동일 적용)
X	natua_yes_no_finance-6477120_k1	0.0246	yes_no	백구십육 명이 한은 스토리텔링 공모에 참가했어	Yes	(3) 스위스국립은행법은 스위스국립은행은 통화정책을 수행하고, 물가안정을 유지하여야 하며, 이러한 틀 속에서 금융시스템의 안정에 기여하여야 함을 명시하고 있다. 스위스국립은행법 제5조 1. 국립은행은 전반적인 국가의 이익에 기여하는 통화정책을 수행하며 물가안정을 유지한다. 이러한 업무를 수행함에 있어서 경제발전을 고려하여야 한다. 2. 국립은행은 다음과 같	분야 상이/상식성/중복 (1차 판정 기준 동일 적용)
X	natua_yes_no_finance-6477120_k2	0.0246	yes_no	백구십육 명이 한은 스토리텔링 공모에 참가했어	Yes	(3) 스위스국립은행법은 스위스국립은행은 통화정책을 수행하고, 물가안정을 유지하여야 하며, 이러한 틀 속에서 금융시스템의 안정에 기여하여야 함을 명시하고 있다. 스위스국립은행법 제5조 1. 국립은행은 전반적인 국가의 이익에 기여하는 통화정책을 수행하며 물가안정을 유지한다. 이러한 업무를 수행함에 있어서 경제발전을 고려하여야 한다. 2. 국립은행은 다음과 같	분야 상이/상식성/중복 (1차 판정 기준 동일 적용)
X	natua_yes_no_finance-6477120_k3	0.0246	yes_no	백구십육 명이 한은 스토리텔링 공모에 참가했어	Yes	(3) 스위스국립은행법은 스위스국립은행은 통화정책을 수행하고, 물가안정을 유지하여야 하며, 이러한 틀 속에서 금융시스템의 안정에 기여하여야 함을 명시하고 있다. 스위스국립은행법 제5조 1. 국립은행은 전반적인 국가의 이익에 기여하는 통화정책을 수행하며 물가안정을 유지한다. 이러한 업무를 수행함에 있어서 경제발전을 고려하여야 한다. 2. 국립은행은 다음과 같	분야 상이/상식성/중복 (1차 판정 기준 동일 적용)
X	natua_yes_no_finance-7212413_k3	0.0242	yes_no	비수도권의 임금수준은 수도권에 비해 비교적 낮은 편이지	Yes	(2) 2010년 확대실시 및 심사절차 교과부는 올해 9월 교장임용에서 768개교의 교장 결원 예정학교 가운데 56%인 436개교에서 초빙형 교장공모제를 실시하겠다고 발표하였다. 서울은 결원 학교수의 100%인 76개교에서 실시하였고, 인천은 약 67%, 그 밖의 지역은 약 50%에서 초빙형 교장공모제를 실시하였다. 교장공모 신청 결과 전국 평균경쟁률은 4	분야 상이/상식성/중복 (1차 판정 기준 동일 적용)
X	natua_yes_no_finance-7476793_k1	0.0242	yes_no	화이트칼라의 비중은 비수도권보다 수도권이 더 높지	Yes	□ 시사점 ◦ 우리나라도 싱가포르의 정책 사례를 참고하여 ① 스마트폰 애플리케이션을 활용한 서비스 도입 등 여객운송 산업에서 지금까지 나타난 변화에 대응하고 자율주행자동차의 등장 등 앞으로 다가올 더 큰 변화에 효과적으로 대응할 수 있도록 새로운 여객운송 정책 체계를 마련하고 ② 그 과정에서 정책 당사자의 소통과 협력을 통하여 정책 수립의 효율성 및 신뢰성	분야 상이/상식성/중복 (1차 판정 기준 동일 적용)
X	natua_yes_no_finance-7476794_k3	0.0242	yes_no	수도권이 비수도권에 비해 화이트칼라의 비율이 더 높지	Yes	□ 시사점 ◦ 우리나라도 싱가포르의 정책 사례를 참고하여 ① 스마트폰 애플리케이션을 활용한 서비스 도입 등 여객운송 산업에서 지금까지 나타난 변화에 대응하고 자율주행자동차의 등장 등 앞으로 다가올 더 큰 변화에 효과적으로 대응할 수 있도록 새로운 여객운송 정책 체계를 마련하고 ② 그 과정에서 정책 당사자의 소통과 협력을 통하여 정책 수립의 효율성 및 신뢰성	분야 상이/상식성/중복 (1차 판정 기준 동일 적용)
X	natua_yes_no_finance-7476793_k2	0.0241	yes_no	화이트칼라의 비중은 비수도권보다 수도권이 더 높지	Yes	(2) 공정성과 참여확대 동시 추구 학부모와 교사 등 단위학교 구성원의 참여를 실질적으로 확대시킬 수 있는 방안을 모색할 필요가 있다. 학교 심사위원회가 적임자가 아니라고 판단할 경우는 2단계의 심사대상자로 추천하지 않는 것도 방안이 될 수 있다. 공정성을 강화하기 위한다는 구실로 단위학교의 참여를 크게 제한하는 방식은 설득력이 그리 높지 않다. 교과부가 	분야 상이/상식성/중복 (1차 판정 기준 동일 적용)
X	natua_yes_no_finance-7476793_k3	0.0241	yes_no	화이트칼라의 비중은 비수도권보다 수도권이 더 높지	Yes	(2) 공정성과 참여확대 동시 추구 학부모와 교사 등 단위학교 구성원의 참여를 실질적으로 확대시킬 수 있는 방안을 모색할 필요가 있다. 학교 심사위원회가 적임자가 아니라고 판단할 경우는 2단계의 심사대상자로 추천하지 않는 것도 방안이 될 수 있다. 공정성을 강화하기 위한다는 구실로 단위학교의 참여를 크게 제한하는 방식은 설득력이 그리 높지 않다. 교과부가 	분야 상이/상식성/중복 (1차 판정 기준 동일 적용)
X	natua_yes_no_finance-7212467_k3	0.024	yes_no	육아휴직기간이 늘어나면서 독일 여성의 직장 복귀가 늦어지게 된 거지	Yes	1. 들어가며 「교육공무원법」 제2조 제5항은 교장을 포함한 교원의 임용을 “신규채용ㆍ승진ㆍ전보” 등으로 정의하고 있다. 이 조항에 근거하여 교장을 신규채용 방식으로 임용하는 제도가 교장공모제이다. 교장공모제로 교장을 임용하는 학교에서는 교장 후보자를 공개적으로 모집하고 학교 구성원들이 참여하는 심사과정을 거쳐 지원자 가운데서 적격자를 선발ㆍ임용하게 된다.	분야 상이/상식성/중복 (1차 판정 기준 동일 적용)
X	natua_yes_no_finance-7687134_k3	0.0239	yes_no	경력단절자 비율이 최저치인 지역은 제주니	Yes	□ 소규모 사업자 외에 면허를 받아야 하는 사업자는 육상교통청에 통행 및 운전자 관련 자료를 제출하여 야 하며, 육상교통청은 위반행위나 안전사고에 관한 사업자의 보고 의무와 조치 방안 등을 포함한 사업자 준수규범을 마련할 수 있음 □ 육상교통청은 결함이 있거나 위험성이 있는 자동차 모델의 사용을 금지하는 등 필요한 경우 모든 사업자(면허가 불필요한 소규모 	분야 상이/상식성/중복 (1차 판정 기준 동일 적용)
X	natua_yes_no_finance-7212419_k3	0.0234	yes_no	비수도권과 수도권의 정규직 성별은 남자보다 여자가 더 많았지	No	(3) 승객과 운전자의 안전 보장 조치 □ 모든 사업자(면허가 불필요한 소규모 사업자 포함)는 해당 차량 운행에 필요한 직업면허를 갖춘 운전자와 보험에 가입하고 차량 검사에 합격한 차량만을 활용하여 직접 차량을 운행하거나 예약을 중개할 수 있으며, 이를 위반하는 사업자에 대해서는 육상교통청이 운전자들에게 그 사업자를 위하여 운전하는 것을 금지할 수 있음 ○	분야 상이/상식성/중복 (1차 판정 기준 동일 적용)
X	natua_yes_no_finance-7212431_k3	0.0234	yes_no	꾸준한 양질의 일자리 창출을 위해 신성장동력 산업을 키워야 할까	Yes	②금융 감독당국의 임무는 금융 감독 법과 여타 금융산업 규제법령에 규정되어 있다. 금융 감독법에 의하면 금융감독원은 금융기관이 법률을 준수하여 적절히 운영되도록 할 책임이 있다. 또한 금융 감독당국은 새로운 규제의 제정 시 재무부를 위해 많은 업무를 수행한다. 금융 감독당국은 법률에 따라 매년 재무부로부터 이러한 새로운 규제들의 주요 목적에 관한 사항들을 	분야 상이/상식성/중복 (1차 판정 기준 동일 적용)
X	natua_yes_no_finance-7419873_k3	0.0233	yes_no	19세부터 26세까지의 고용률은 여성보다 남자가 더 높았지	No	□ 시사점 ◦ 우리나라도 싱가포르의 정책 사례를 참고하여 ① 스마트폰 애플리케이션을 활용한 서비스 도입 등 여객운송 산업에서 지금까지 나타난 변화에 대응하고 자율주행자동차의 등장 등 앞으로 다가올 더 큰 변화에 효과적으로 대응할 수 있도록 새로운 여객운송 정책 체계를 마련하고 ② 그 과정에서 정책 당사자의 소통과 협력을 통하여 정책 수립의 효율성 및 신뢰성	분야 상이/상식성/중복 (1차 판정 기준 동일 적용)
X	natua_yes_no_finance-7688076_k3	0.023	yes_no	2012년부터 청년층 인구가 줄어든 지역은 경기도일까	Yes	□ 소규모 사업자 외에 면허를 받아야 하는 사업자는 육상교통청에 통행 및 운전자 관련 자료를 제출하여 야 하며, 육상교통청은 위반행위나 안전사고에 관한 사업자의 보고 의무와 조치 방안 등을 포함한 사업자 준수규범을 마련할 수 있음 □ 육상교통청은 결함이 있거나 위험성이 있는 자동차 모델의 사용을 금지하는 등 필요한 경우 모든 사업자(면허가 불필요한 소규모 	분야 상이/상식성/중복 (1차 판정 기준 동일 적용)
X	natua_yes_no_finance-7634488_k3	0.0229	yes_no	수도권에서는 고졸에서만 비정규직 비율이 높았던 거지	No	고용보험법 시행령 일부개정령(안) 입법예고 1. 개정이유 기존에 직업안정기관의 장에게 위임하던 피보험자격관리 업무를 근로복지공단에 위탁함으로써 현재 고용보험의 적용 및 보험료 부과 업무와 고용보험 피보험자격관리 업무의 이원화에 따라 나타나는 행정 비효율 및 국민 불편사항 등을 개선하려는 것임 2. 주요내용 가. 피보험자격관리 업무를 근로복지공단에 위탁(안 	분야 상이/상식성/중복 (1차 판정 기준 동일 적용)
X	natua_yes_no_finance-6794169_k3	0.0228	yes_no	중앙은행이 국유화로 추진된 나라는 적은 편일까	No	3. 시사점 (1) 여객운송 산업의 변화에 대응할 수 있는 정책 체계 마련 필요 □ 우리나라 역시 다른 나라와 마찬가지로 여객운송 산업에서 큰 변화를 맞이하고 있어 기존 정책만으로 변화에 대응하는 데 어려움을 겪고 있음 ○ 우리나라의 지점 간 여객운송 산업은 최근 기존의 법제도를 적용하기 곤란한 우버 등 승차공유, 카카오택시 등 스마트폰 애플리케이션을 활용	분야 상이/상식성/중복 (1차 판정 기준 동일 적용)
X	natua_yes_no_finance-6390520_k1	0.0222	yes_no	초빙형 교장공모제를 50퍼센트로 늘리겠다고 교과부가 공표했어	Yes	(3) 금융안정협의기구 설치 한국은행 및 기획재정부, 금융위원회가 각각 금융 안정 목표와 정책수단을 분담하고 있는 상황이므로 금융 안정이라는 공동의 목표를 달성하기 위하여 각 기관이 참여하는 금융 안정협의기구를 구성하여 설치할 필요가 있다. 금융 안정협의기구는 각 기관의 금융 안정 관련 정보를 교환하고, 정책을 협의하는 기능을 수행하여야 할 것이다. 금융 	분야 상이/상식성/중복 (1차 판정 기준 동일 적용)
X	natua_yes_no_finance-6390520_k2	0.0222	yes_no	초빙형 교장공모제를 50퍼센트로 늘리겠다고 교과부가 공표했어	Yes	(3) 금융안정협의기구 설치 한국은행 및 기획재정부, 금융위원회가 각각 금융 안정 목표와 정책수단을 분담하고 있는 상황이므로 금융 안정이라는 공동의 목표를 달성하기 위하여 각 기관이 참여하는 금융 안정협의기구를 구성하여 설치할 필요가 있다. 금융 안정협의기구는 각 기관의 금융 안정 관련 정보를 교환하고, 정책을 협의하는 기능을 수행하여야 할 것이다. 금융 	분야 상이/상식성/중복 (1차 판정 기준 동일 적용)
X	natua_yes_no_finance-6390520_k3	0.0208	yes_no	초빙형 교장공모제를 50퍼센트로 늘리겠다고 교과부가 공표했어	Yes	Ⅱ. 주요국 중앙은행법상 금융안정 목적 세계 대부분의 중앙은행들은 금융안정에 대하여 중앙은행이 책임을 갖고 있다는 전제하에 업무를 수행하고 있다. 국제결제은행(Bank for International Settlements, 이하 BIS라 한다)에 따르면 세계 중앙은행의 90%는 금융시스템 감독과 금융안정정책에 대한 책임을 갖고 있다고 한다. 그러나 중앙은행	분야 상이/상식성/중복 (1차 판정 기준 동일 적용)
X	natua_yes_no_finance-6390523_k3	0.0208	yes_no	서울시 몇몇 학교에서 초빙형 교장공모제를 통해 교장을 뽑았어	No	(2) 당사자 간 지속적인 소통과 협력을 통한 정책 마련 □ 우리나라에서는 현재 당사자들이 첨예하게 대립하고 있고, 정책 당사자의 참여를 통한 지속적인 소통과 협력이 이루어지지 못해 효과적인 정책의 수립·집행이 제한되고 있음 □ 싱가포르의 경우 새로운 규제 프레임워크를 도입하는 과정에 정책 당사자인 운전자, 택시협회, 승차공유차량협회, 사업자, 일반 국민이	분야 상이/상식성/중복 (1차 판정 기준 동일 적용)
X	natua_yes_no_finance-7212513_k1	0.0203	yes_no	경기도의 인구고령화는 빠르게 진행되는 편일까	No	1차 및 2차 세계대전, 금본위제의 붕괴와 경제에 관한 정부 역할에 대한 시각 변화 등에 따라 20세기 초까지 중앙은행은 공공정책 기관으로 완전히 변신하였다. 중앙은행들은 새로운 통화질서를 관리하는 임무를 갖게 되었으며, 아직 중앙은행을 설립하지 않은 국가들은 국가 거시경제에서 핵심 역할을 하는 중앙은행의 설립을 촉구 받았으며, 많은 국가에서 중앙은행의 국	분야 상이/상식성/중복 (1차 판정 기준 동일 적용)
X	natua_yes_no_finance-7212465_k3	0.0188	yes_no	오십 주로 유급 육아휴직을 늘린 국가가 캐나다일까	Yes	□ 소규모 사업자 외에 면허를 받아야 하는 사업자는 육상교통청에 통행 및 운전자 관련 자료를 제출하여 야 하며, 육상교통청은 위반행위나 안전사고에 관한 사업자의 보고 의무와 조치 방안 등을 포함한 사업자 준수규범을 마련할 수 있음 □ 육상교통청은 결함이 있거나 위험성이 있는 자동차 모델의 사용을 금지하는 등 필요한 경우 모든 사업자(면허가 불필요한 소규모 	분야 상이/상식성/중복 (1차 판정 기준 동일 적용)
X	natua_yes_no_finance-7212453_k1	0.0187	yes_no	남자보다 여성의 고용도가 낮았던 곳은 경기도일까	Yes	□ 소규모 사업자 외에 면허를 받아야 하는 사업자는 육상교통청에 통행 및 운전자 관련 자료를 제출하여 야 하며, 육상교통청은 위반행위나 안전사고에 관한 사업자의 보고 의무와 조치 방안 등을 포함한 사업자 준수규범을 마련할 수 있음 □ 육상교통청은 결함이 있거나 위험성이 있는 자동차 모델의 사용을 금지하는 등 필요한 경우 모든 사업자(면허가 불필요한 소규모 	분야 상이/상식성/중복 (1차 판정 기준 동일 적용)
X	natua_yes_no_finance-7212453_k2	0.0187	yes_no	남자보다 여성의 고용도가 낮았던 곳은 경기도일까	Yes	□ 소규모 사업자 외에 면허를 받아야 하는 사업자는 육상교통청에 통행 및 운전자 관련 자료를 제출하여 야 하며, 육상교통청은 위반행위나 안전사고에 관한 사업자의 보고 의무와 조치 방안 등을 포함한 사업자 준수규범을 마련할 수 있음 □ 육상교통청은 결함이 있거나 위험성이 있는 자동차 모델의 사용을 금지하는 등 필요한 경우 모든 사업자(면허가 불필요한 소규모 	분야 상이/상식성/중복 (1차 판정 기준 동일 적용)
X	natua_yes_no_finance-7212406_k1	0.0185	yes_no	수도권은 시간당 임금수준이 꽤 높은 곳이니	Yes	□ 제정 배경과 경과 ◦ 싱가포르에서는 기존의 택시 위주 규제 체계로는 승차공유의 등장과 스마트폰을 활용한 예약 서비스 도입 등 지점 간 여객운송(택시+승차공유)의 변화에 대응하기 어렵다는 점이 지적되면서 「지점 간 여객운송사업법 2019」를 제정하고 새로운 규제 프레임워크를 도입함 ◦ 해당 법률은 2019년 8월 싱가포르 국회를 통과하여 2020년 시행을	분야 상이/상식성/중복 (1차 판정 기준 동일 적용)
X	natua_yes_no_finance-7212406_k2	0.0185	yes_no	수도권은 시간당 임금수준이 꽤 높은 곳이니	Yes	□ 제정 배경과 경과 ◦ 싱가포르에서는 기존의 택시 위주 규제 체계로는 승차공유의 등장과 스마트폰을 활용한 예약 서비스 도입 등 지점 간 여객운송(택시+승차공유)의 변화에 대응하기 어렵다는 점이 지적되면서 「지점 간 여객운송사업법 2019」를 제정하고 새로운 규제 프레임워크를 도입함 ◦ 해당 법률은 2019년 8월 싱가포르 국회를 통과하여 2020년 시행을	분야 상이/상식성/중복 (1차 판정 기준 동일 적용)
X	natua_yes_no_finance-7688391_k2	0.0183	yes_no	경기도의 인구성장률은 더 내려가게 될까	Yes	Ⅳ. 보완방안 1. 금융안정에 대한 측정지표 개발, 금융안정 책임에 관한 유관기관과의 MOU체결 및 금융안정협의기구 구성 추진 (1) 금융안정 측정지표 개발 금융안정을 측정하는 신뢰할 수 있는 측정 지표를 개발함으로써 금융안정을 위한 정책 방향 및 법적 책임을 명확하게 설정할 필요가 있다. 즉 금융 안정 측정지표를 개발하여 목표 인플레이션을 정하고 이를 달	분야 상이/상식성/중복 (1차 판정 기준 동일 적용)
X	natua_yes_no_finance-7688391_k3	0.0183	yes_no	경기도의 인구성장률은 더 내려가게 될까	Yes	Ⅳ. 보완방안 1. 금융안정에 대한 측정지표 개발, 금융안정 책임에 관한 유관기관과의 MOU체결 및 금융안정협의기구 구성 추진 (1) 금융안정 측정지표 개발 금융안정을 측정하는 신뢰할 수 있는 측정 지표를 개발함으로써 금융안정을 위한 정책 방향 및 법적 책임을 명확하게 설정할 필요가 있다. 즉 금융 안정 측정지표를 개발하여 목표 인플레이션을 정하고 이를 달	분야 상이/상식성/중복 (1차 판정 기준 동일 적용)
X	natua_yes_no_finance-7212453_k3	0.0182	yes_no	남자보다 여성의 고용도가 낮았던 곳은 경기도일까	Yes	(2) 영란은행법은 통화정책과 관련하여 영란은행의 목적은 물가안정 유지 및 정부의 경제정책 지원이라고 규정하면서 별도로 금융시스템의 안정성을 유지하고 제고하는데 기여하는 것이 영란은행의 목적이라고 명시하고 있다. 또한 금융안정 목적을 위하여 재무부 및 금융감독당국과 협력하여야 함을 규정하고 있다. 영란은행법 제2조A(금융안정목적) : (1) 영란은행의 목적	분야 상이/상식성/중복 (1차 판정 기준 동일 적용)
X	natua_yes_no_finance-7212406_k3	0.0168	yes_no	수도권은 시간당 임금수준이 꽤 높은 곳이니	Yes	(3) 교육감의 임용권 견제 미비 교과부는 교장공모제를 확대 실시하여 교육감에 집중된 교장인사권을 단위학교로 분산하겠다고 발표하였다. 그러나 현제도는 인사권 분산에 있어 5, 6차 시범적용에 비해 큰 차이가 없다. 교육감이 교육청 심사위원회의 구성에 사실상 영향력을 행사할 수도 있다는 점에서 보면, 학운위 심사에서 상위 2인을 선정하여 추천하던 5차 시범적	분야 상이/상식성/중복 (1차 판정 기준 동일 적용)
X	natua_yes_no_finance-7212513_k2	0.0152	yes_no	경기도의 인구고령화는 빠르게 진행되는 편일까	No	(3) 행·재정적 지원 및 심사의 전문성 강화를 위한 대책 마련 교장공모제 실시에 관한 컨설팅 또는 학교지원 전문서비스를 제공하여 전문가의 수시자문이나 전문인력의 학교방문 서비스가 가능하도록 한다면 도움이 될 것이다. 교장공모제가 시행되는 시점에는 업무량이 단기적으로 급증하므로 이에 필요한 인력 또는 예산을 지원하는 방안도 검토할 수 있다. 또한, 심사 당	분야 상이/상식성/중복 (1차 판정 기준 동일 적용)
X	natua_yes_no_finance-7212513_k3	0.0152	yes_no	경기도의 인구고령화는 빠르게 진행되는 편일까	No	(3) 행·재정적 지원 및 심사의 전문성 강화를 위한 대책 마련 교장공모제 실시에 관한 컨설팅 또는 학교지원 전문서비스를 제공하여 전문가의 수시자문이나 전문인력의 학교방문 서비스가 가능하도록 한다면 도움이 될 것이다. 교장공모제가 시행되는 시점에는 업무량이 단기적으로 급증하므로 이에 필요한 인력 또는 예산을 지원하는 방안도 검토할 수 있다. 또한, 심사 당	분야 상이/상식성/중복 (1차 판정 기준 동일 적용)
